URL,companysector,companyname,companycode,nsesymbol,bsesymbol
https://www.moneycontrol.com/india/stockpricequote/miscellaneous/amfebcon/F03,miscellaneous,amfebcon,F03,,"
"
https://www.moneycontrol.com/india/stockpricequote/miscellaneous/amjumbobags/JB03,miscellaneous,amjumbobags,JB03,,"
"
https://www.moneycontrol.com/india/stockpricequote/infrastructuregeneral/abinfrabuild/I07,infrastructuregeneral,abinfrabuild,I07,,"
"
https://www.moneycontrol.com/india/stockpricequote/miscellaneous/afenterprises/AFE01,miscellaneous,afenterprises,AFE01,,"
"
https://www.moneycontrol.com/india/stockpricequote/cementproductsbuildingmaterials/ainfrastructure/AI74,cementproductsbuildingmaterials,ainfrastructure,AI74,,"
"
https://www.moneycontrol.com/india/stockpricequote/financeleasinghirepurchase/akscredits/AKS,financeleasinghirepurchase,akscredits,AKS,,
https://www.moneycontrol.com/india/stockpricequote/miscellaneous/akspintex/AKS01,miscellaneous,akspintex,AKS01,,"
"
https://www.moneycontrol.com/india/stockpricequote/textilesspinningcottonblended/aptyarns/APT01,textilesspinningcottonblended,aptyarns,APT01,,
https://www.moneycontrol.com/india/stockpricequote/chemicals/a1acid/AA14,chemicals,a1acid,AA14,,"
"
https://www.moneycontrol.com/india/stockpricequote/financegeneral/akcapitalservices/AKC01,financegeneral,akcapitalservices,AKC01,,"
"
https://www.moneycontrol.com/india/stockpricequote/powertransmissionequipment/a2zinfraengineering/AME02,powertransmissionequipment,a2zinfraengineering,AME02,,"
"
https://www.moneycontrol.com/india/stockpricequote/aaplus/aaplustradelink/APT03,aaplus,aaplustradelink,APT03,,"
"
https://www.moneycontrol.com/india/stockpricequote/aaa/aaatechnologies/ATL,aaa,aaatechnologies,ATL,,"
"
https://www.moneycontrol.com/india/stockpricequote/steelmediumsmall/aachalalloys/AA,steelmediumsmall,aachalalloys,AA,,
https://www.moneycontrol.com/india/stockpricequote/financegeneral/aadhaarventuresindia/PI37,financegeneral,aadhaarventuresindia,PI37,,"
"
https://www.moneycontrol.com/india/stockpricequote/plastics/aadiindustries/AI63,plastics,aadiindustries,AI63,,"
"
https://www.moneycontrol.com/india/stockpricequote/aafsgnfgbdfbef/aafsgnfgbdfbefsdvsdvva/AP18,aafsgnfgbdfbef,aafsgnfgbdfbefsdvsdvva,AP18,,
https://www.moneycontrol.com/india/stockpricequote/financeleasinghirepurchase/aagamcapital/PC18,financeleasinghirepurchase,aagamcapital,PC18,,"
"
https://www.moneycontrol.com/india/stockpricequote/engineering/aakarengineeringmanufacturingcompany/AEM,engineering,aakarengineeringmanufacturingcompany,AEM,,
https://www.moneycontrol.com/india/stockpricequote/engineeringheavy/aakashexplorationservices/AES01,engineeringheavy,aakashexplorationservices,AES01,,"
"
https://www.moneycontrol.com/india/stockpricequote/machinetools/aamcoltools/AT01,machinetools,aamcoltools,AT01,,"
"
https://www.moneycontrol.com/india/stockpricequote/textilesspinningcottonblended/aanandalakshmispinningmills/ALS,textilesspinningcottonblended,aanandalakshmispinningmills,ALS,,"
"
https://www.moneycontrol.com/india/stockpricequote/steelspongeiron/aanchalispat/AI36,steelspongeiron,aanchalispat,AI36,,"
"
https://www.moneycontrol.com/india/stockpricequote/ceramicsgranite/aankitgranites/AGL,ceramicsgranite,aankitgranites,AGL,,
https://www.moneycontrol.com/india/stockpricequote/aapadpdp/aapadpdp/DML04,aapadpdp,aapadpdp,DML04,,
https://www.moneycontrol.com/india/stockpricequote/textilesgeneral/aarcommercialcompany/AAR,textilesgeneral,aarcommercialcompany,AAR,,"
"
https://www.moneycontrol.com/india/stockpricequote/pharmaceuticals/aareydrugspharmaceuticals/ADP,pharmaceuticals,aareydrugspharmaceuticals,ADP,,"
"
https://www.moneycontrol.com/india/stockpricequote/financegeneral/aarnavfashions/KS18,financegeneral,aarnavfashions,KS18,,"
"
https://www.moneycontrol.com/india/stockpricequote/aaronindustrie/aaronindustries/AI79,aaronindustrie,aaronindustries,AI79,,"
"
https://www.moneycontrol.com/india/stockpricequote/miscellaneous/aartechsolonics/AS27,miscellaneous,aartechsolonics,AS27,,"
"
https://www.moneycontrol.com/india/stockpricequote/pharmaceuticals/aartidrugs/AD,pharmaceuticals,aartidrugs,AD,,"
"
https://www.moneycontrol.com/india/stockpricequote/chemicals/aartiindustries/AI45,chemicals,aartiindustries,AI45,,"
"
https://www.moneycontrol.com/india/stockpricequote/chemicals/aartisurfactantslimited/ASL08,chemicals,aartisurfactantslimited,ASL08,,"
"
https://www.moneycontrol.com/india/stockpricequote/textilesdenim/aarveedenimexports/ADE,textilesdenim,aarveedenimexports,ADE,,"
"
https://www.moneycontrol.com/india/stockpricequote/diversified/aarviencon/AE19,diversified,aarviencon,AE19,,"
"
https://www.moneycontrol.com/india/stockpricequote/textileswoollenworsted/aaryaglobalsharessecurities/KIF02,textileswoollenworsted,aaryaglobalsharessecurities,KIF02,,"
"
https://www.moneycontrol.com/india/stockpricequote/financeinvestments/aasheeshsecurities/AS12,financeinvestments,aasheeshsecurities,AS12,,
https://www.moneycontrol.com/india/stockpricequote/hospitalhealthcareservices/aashkahospitals/AH04,hospitalhealthcareservices,aashkahospitals,AH04,,"
"
https://www.moneycontrol.com/india/stockpricequote/aastafin/aastamangalamfinance/UF01,aastafin,aastamangalamfinance,UF01,,"
"
https://www.moneycontrol.com/india/stockpricequote/trading/aaswatradingexports/ATE02,trading,aaswatradingexports,ATE02,,
https://www.moneycontrol.com/india/stockpricequote/financegeneral/aavasfinanciers/AF17,financegeneral,aavasfinanciers,AF17,,"
"
https://www.moneycontrol.com/india/stockpricequote/pharmaceuticals/aayushfoodherbs/AFH01,pharmaceuticals,aayushfoodherbs,AFH01,,"
"
https://www.moneycontrol.com/india/stockpricequote/financeinvestments/adityabirlacapital/ABC9,financeinvestments,adityabirlacapital,ABC9,,"
"
https://www.moneycontrol.com/india/stockpricequote/abcorp/abcorp/ABC05,abcorp,abcorp,ABC05,,
https://www.moneycontrol.com/india/stockpricequote/textiles/abcotspinindia/ACI01,textiles,abcotspinindia,ACI01,,"
"
https://www.moneycontrol.com/india/stockpricequote/retailing/adityabirlafashionretailpp/ABF01,retailing,adityabirlafashionretailpp,ABF01,,"
"
https://www.moneycontrol.com/india/stockpricequote/retailing/adityabirlafashionretailre/ABF,retailing,adityabirlafashionretailre,ABF,,"
"
https://www.moneycontrol.com/india/stockpricequote/financegeneral/adityabirlamoney/ABM01,financegeneral,adityabirlamoney,ABM01,,"
"
https://www.moneycontrol.com/india/stockpricequote/diversified/adityabirlanuvo/ABN01,diversified,adityabirlanuvo,ABN01,,"
"
https://www.moneycontrol.com/india/stockpricequote/computerssoftwaremediumsmall/abacuscomputers/AC,computerssoftwaremediumsmall,abacuscomputers,AC,,
https://www.moneycontrol.com/india/stockpricequote/oildrillingandexploration/abanoffshore/AO04,oildrillingandexploration,abanoffshore,AO04,,"
"
https://www.moneycontrol.com/india/stockpricequote/trading/abansenterprises/MST03,trading,abansenterprises,MST03,,"
"
https://www.moneycontrol.com/india/stockpricequote/abateasind/abateasindustries/TI32,abateasind,abateasindustries,TI32,,"
"
https://www.moneycontrol.com/india/stockpricequote/infrastructuregeneral/abbindia/ABB,infrastructuregeneral,abbindia,ABB,,"
"
https://www.moneycontrol.com/india/stockpricequote/pharmaceuticals/abbottindia/AI51,pharmaceuticals,abbottindia,AI51,,"
"
https://www.moneycontrol.com/india/stockpricequote/bearings/abcbearings/ABC02,bearings,abcbearings,ABC02,,"
"
https://www.moneycontrol.com/india/stockpricequote/metalsnonferrous/abcgasinternational/BE05,metalsnonferrous,abcgasinternational,BE05,,"
"
https://www.moneycontrol.com/india/stockpricequote/transportlogistics/abcindia/ABC,transportlogistics,abcindia,ABC,,"
"
https://www.moneycontrol.com/india/stockpricequote/plastics/abcoplastics/AP17,plastics,abcoplastics,AP17,,
https://www.moneycontrol.com/india/stockpricequote/computershardware/abeeprinterribbons/APR01,computershardware,abeeprinterribbons,APR01,,
https://www.moneycontrol.com/india/stockpricequote/abesc/abesc/BI19,abesc,abesc,BI19,,
https://www.moneycontrol.com/india/stockpricequote/retailing/adityabirlafashionretailpp1/ABF02,retailing,adityabirlafashionretailpp1,ABF02,,
https://www.moneycontrol.com/india/stockpricequote/shipping/abgshipyard/ABG01,shipping,abgshipyard,ABG01,,"
"
https://www.moneycontrol.com/india/stockpricequote/miscellaneous/abhijittradingcompany/ATC01,miscellaneous,abhijittradingcompany,ATC01,,"
"
https://www.moneycontrol.com/india/stockpricequote/abhinavcapital/abhinavcapitalservices/ACS04,abhinavcapital,abhinavcapitalservices,ACS04,,"
"
https://www.moneycontrol.com/india/stockpricequote/financeleasinghirepurchase/abhinavleasingfinance/ALF03,financeleasinghirepurchase,abhinavleasingfinance,ALF03,,"
"
https://www.moneycontrol.com/india/stockpricequote/textilesspinningcottonblended/abhishekcorporation/AC22,textilesspinningcottonblended,abhishekcorporation,AC22,,"
"
https://www.moneycontrol.com/india/stockpricequote/abhishekfinle/abhishekfinlease/AF32,abhishekfinle,abhishekfinlease,AF32,,"
"
https://www.moneycontrol.com/india/stockpricequote/infrastructuregeneral/abhishekinfraventures/AI73,infrastructuregeneral,abhishekinfraventures,AI73,,"
"
https://www.moneycontrol.com/india/stockpricequote/miscellaneous/abhishekintegrations/AI83,miscellaneous,abhishekintegrations,AI83,,"
"
https://www.moneycontrol.com/india/stockpricequote/financeleasinghirepurchase/abiramifinancialservicesindia/AFS,financeleasinghirepurchase,abiramifinancialservicesindia,AFS,,"
"
https://www.moneycontrol.com/india/stockpricequote/pharmaceuticals/ablbiotechnologies/ABL,pharmaceuticals,ablbiotechnologies,ABL,,"
"
https://www.moneycontrol.com/india/stockpricequote/miscellaneous/abminternational/ABM02,miscellaneous,abminternational,ABM02,,"
"
https://www.moneycontrol.com/india/stockpricequote/computerssoftwaremediumsmall/abmknowledgeware/ABM,computerssoftwaremediumsmall,abmknowledgeware,ABM,,"
"
https://www.moneycontrol.com/india/stockpricequote/ceramicsgranite/abngranites/ABN,ceramicsgranite,abngranites,ABN,,
https://www.moneycontrol.com/india/stockpricequote/pharmaceuticals/abnerpharma/AP01,pharmaceuticals,abnerpharma,AP01,,
https://www.moneycontrol.com/india/stockpricequote/financeinvestment/adityabirlasunlifeamc/ABS,financeinvestment,adityabirlasunlifeamc,ABS,,"
"
https://www.moneycontrol.com/india/stockpricequote/absln50etf/adityabirlasunlifenifty50etf/BSL03,absln50etf,adityabirlasunlifenifty50etf,BSL03,,"
"
https://www.moneycontrol.com/india/stockpricequote/etf/adityabirlasunlifeniftyhealthcareetf/ABS02,etf,adityabirlasunlifeniftyhealthcareetf,ABS02,,"
"
https://www.moneycontrol.com/india/stockpricequote/abslsilveretf/adityabirlasunlifesilveretf/ABS04,abslsilveretf,adityabirlasunlifesilveretf,ABS04,,"
"
https://www.moneycontrol.com/india/stockpricequote/abslnbanketf/adityabirlasunlifeniftybanketf/ABSLB13987,abslnbanketf,adityabirlasunlifeniftybanketf,ABSLB13987,,
https://www.moneycontrol.com/india/stockpricequote/abslnn50et/adityabirlasunlifeniftynext50etf/ABSLN7339,abslnn50et,adityabirlasunlifeniftynext50etf,ABSLN7339,,"
"
https://www.moneycontrol.com/india/stockpricequote/abslspbsesetf/adityabirlasunlifespbsesensexetf/ABS01,abslspbsesetf,adityabirlasunlifespbsesensexetf,ABS01,,"
"
https://www.moneycontrol.com/india/stockpricequote/cementmajor/acc/ACC06,cementmajor,acc,ACC06,,"
"
https://www.moneycontrol.com/india/stockpricequote/computershardware/accel/AT17,computershardware,accel,AT17,,"
"
https://www.moneycontrol.com/india/stockpricequote/computerssoftwaremediumsmall/accelyakalesolutions/KAL,computerssoftwaremediumsmall,accelyakalesolutions,KAL,,"
"
https://www.moneycontrol.com/india/stockpricequote/computerssoftwaremediumsmall/accentiatechnologies/AT19,computerssoftwaremediumsmall,accentiatechnologies,AT19,,"
"
https://www.moneycontrol.com/india/stockpricequote/packaging/acclaimindustries/EP12,packaging,acclaimindustries,EP12,,"
"
https://www.moneycontrol.com/india/stockpricequote/telecommunicationsservice/accordsynergy/AS22,telecommunicationsservice,accordsynergy,AS22,,"
"
https://www.moneycontrol.com/india/stockpricequote/shipping/accuracyshipping/AS26,shipping,accuracyshipping,AS26,,"
"
https://www.moneycontrol.com/india/stockpricequote/trading/accurateexports/AE12,trading,accurateexports,AE12,,
https://www.moneycontrol.com/india/stockpricequote/electricequipment/accuratetransformers/ATL03,electricequipment,accuratetransformers,ATL03,,"
"
https://www.moneycontrol.com/india/stockpricequote/diversified/aceedutrend/AIF,diversified,aceedutrend,AIF,,"
"
https://www.moneycontrol.com/india/stockpricequote/financeleasinghirepurchase/aceengitech/PSF,financeleasinghirepurchase,aceengitech,PSF,,"
"
https://www.moneycontrol.com/india/stockpricequote/misccommercialservices/aceintegratedsolutions/AIS,misccommercialservices,aceintegratedsolutions,AIS,,"
"
https://www.moneycontrol.com/india/stockpricequote/pharmaceuticals/acelaboratories/AL01,pharmaceuticals,acelaboratories,AL01,,
https://www.moneycontrol.com/india/stockpricequote/trading/acemenenggworkslimited/AME03,trading,acemenenggworkslimited,AME03,,"
"
https://www.moneycontrol.com/india/stockpricequote/computerssoftwaremediumsmall/acesoftwareexports/ASE02,computerssoftwaremediumsmall,acesoftwareexports,ASE02,,"
"
https://www.moneycontrol.com/india/stockpricequote/computerssoftwaremediumsmall/acesoftware/AS23,computerssoftwaremediumsmall,acesoftware,AS23,,
https://www.moneycontrol.com/india/stockpricequote/ceramicsgranite/acestonecraft/ASL02,ceramicsgranite,acestonecraft,ASL02,,
https://www.moneycontrol.com/india/stockpricequote/miscellaneous/acetoursworldwide/ATW,miscellaneous,acetoursworldwide,ATW,,"
"
https://www.moneycontrol.com/india/stockpricequote/miscellaneous/acewinagriteck/INE02,miscellaneous,acewinagriteck,INE02,,"
"
https://www.moneycontrol.com/india/stockpricequote/financeinvestments/achalinvestments/AI68,financeinvestments,achalinvestments,AI68,,"
"
https://www.moneycontrol.com/india/stockpricequote/miscellaneous/achyuthealthcare/AH09,miscellaneous,achyuthealthcare,AH09,,"
"
https://www.moneycontrol.com/india/stockpricequote/computershardware/aciinfocom/ACI07,computershardware,aciinfocom,ACI07,,"
"
https://www.moneycontrol.com/india/stockpricequote/textilesspinningcottonblended/acilcottonindustries/ACI14,textilesspinningcottonblended,acilcottonindustries,ACI14,,"
"
https://www.moneycontrol.com/india/stockpricequote/acjlascadbsvdj/acjlascadbsvdj/BCI04,acjlascadbsvdj,acjlascadbsvdj,BCI04,,
https://www.moneycontrol.com/india/stockpricequote/diversified/acjscbanan/GG04,diversified,acjscbanan,GG04,,
https://www.moneycontrol.com/india/stockpricequote/textileshosieryknitwear/acknitindustriesltd/AK,textileshosieryknitwear,acknitindustriesltd,AK,,"
"
https://www.moneycontrol.com/india/stockpricequote/acmasnvadndcnd/acmasnvadndcnd/CI16,acmasnvadndcnd,acmasnvadndcnd,CI16,,"
"
https://www.moneycontrol.com/india/stockpricequote/miscellaneous/acmefluoropolymers/AFP01,miscellaneous,acmefluoropolymers,AFP01,,
https://www.moneycontrol.com/india/stockpricequote/steelmediumsmall/acmeindustries/AI02,steelmediumsmall,acmeindustries,AI02,,
https://www.moneycontrol.com/india/stockpricequote/financeinvestments/acmeresources/AR9,financeinvestments,acmeresources,AR9,,"
"
https://www.moneycontrol.com/india/stockpricequote/textilesspinningcottonblended/acmespinners/ASL01,textilesspinningcottonblended,acmespinners,ASL01,,
https://www.moneycontrol.com/india/stockpricequote/aquaculture/acquaintexports/AE,aquaculture,acquaintexports,AE,,
https://www.moneycontrol.com/india/stockpricequote/computerssoftware/acropetaltechnologies/AT21,computerssoftware,acropetaltechnologies,AT21,,"
"
https://www.moneycontrol.com/india/stockpricequote/constructioncontractingcivil/acrowindia/AI03,constructioncontractingcivil,acrowindia,AI03,,"
"
https://www.moneycontrol.com/india/stockpricequote/sugar/acscmsdvnsdvinananiaspcmaso/PSI01,sugar,acscmsdvnsdvinananiaspcmaso,PSI01,,
https://www.moneycontrol.com/india/stockpricequote/engineeringheavy/actionconstructionequipment/ACE3,engineeringheavy,actionconstructionequipment,ACE3,,"
"
https://www.moneycontrol.com/india/stockpricequote/financeinvestments/actionfinancialservicesindia/AFS01,financeinvestments,actionfinancialservicesindia,AFS01,,"
"
https://www.moneycontrol.com/india/stockpricequote/miscellaneous/activeclothingcoltd/ACC,miscellaneous,activeclothingcoltd,ACC,,"
"
https://www.moneycontrol.com/india/stockpricequote/financeinvestments/acumentradinginvestments/ATI01,financeinvestments,acumentradinginvestments,ATI01,,
https://www.moneycontrol.com/india/stockpricequote/financeleasinghirepurchase/admanumfinance/AMF01,financeleasinghirepurchase,admanumfinance,AMF01,,"
"
https://www.moneycontrol.com/india/stockpricequote/computerssoftwaremediumsmall/adamcomsof/AC01,computerssoftwaremediumsmall,adamcomsof,AC01,,
https://www.moneycontrol.com/india/stockpricequote/trading/adanienterprises/AE13,trading,adanienterprises,AE13,,"
"
https://www.moneycontrol.com/india/stockpricequote/powergenerationdistribution/adanigreenenergylimited/ADANI54145,powergenerationdistribution,adanigreenenergylimited,ADANI54145,,"
"
https://www.moneycontrol.com/india/stockpricequote/infrastructuregeneral/adaniportsspecialeconomiczone/MPS,infrastructuregeneral,adaniportsspecialeconomiczone,MPS,,"
"
https://www.moneycontrol.com/india/stockpricequote/powergenerationdistribution/adanipower/AP11,powergenerationdistribution,adanipower,AP11,,"
"
https://www.moneycontrol.com/india/stockpricequote/adanitotalgas/adanitotalgas/ADG01,adanitotalgas,adanitotalgas,ADG01,,"
"
https://www.moneycontrol.com/india/stockpricequote/powertransmissionequipment/adanitransmission/AT22,powertransmissionequipment,adanitransmission,AT22,,"
"
https://www.moneycontrol.com/india/stockpricequote/consumerfood/adaniwilmar/AW,consumerfood,adaniwilmar,AW,,"
"
https://www.moneycontrol.com/india/stockpricequote/fertilisers/adarshchemicalsfertilisers/ACF,fertilisers,adarshchemicalsfertilisers,ACF,,
https://www.moneycontrol.com/india/stockpricequote/miscellaneous/adarshmercantile/AM12,miscellaneous,adarshmercantile,AM12,,"
"
https://www.moneycontrol.com/india/stockpricequote/adarshplant/adarshplantationprojects/APP01,adarshplant,adarshplantationprojects,APP01,,"
"
https://www.moneycontrol.com/india/stockpricequote/telecommunicationsequipment/adcindiacommunications/KC07,telecommunicationsequipment,adcindiacommunications,KC07,,"
"
https://www.moneycontrol.com/india/stockpricequote/adconcapital/adconcapitalservices/ACS06,adconcapital,adconcapitalservices,ACS06,,"
"
https://www.moneycontrol.com/india/stockpricequote/financeinvestments/adconcapitalservices/ACS03,financeinvestments,adconcapitalservices,ACS03,,
https://www.moneycontrol.com/india/stockpricequote/pharmaceuticals/addlifepharma/ALP,pharmaceuticals,addlifepharma,ALP,,
https://www.moneycontrol.com/india/stockpricequote/addshoppromot/addshoppromotions/AP12,addshoppromot,addshoppromotions,AP12,,"
"
https://www.moneycontrol.com/india/stockpricequote/textileshosieryknitwear/addiindustries/AI05,textileshosieryknitwear,addiindustries,AI05,,"
"
https://www.moneycontrol.com/india/stockpricequote/miscellaneous/adelvisi/AV01,miscellaneous,adelvisi,AV01,,
https://www.moneycontrol.com/india/stockpricequote/medicalequipmentsuppliesaccessories/adeshwarmeditex/AM10,medicalequipmentsuppliesaccessories,adeshwarmeditex,AM10,,"
"
https://www.moneycontrol.com/india/stockpricequote/foodprocessing/adffoodsindustries/AF30,foodprocessing,adffoodsindustries,AF30,,"
"
https://www.moneycontrol.com/india/stockpricequote/banksprivatesector/adharshilacapitalservices/ACS05,banksprivatesector,adharshilacapitalservices,ACS05,,"
"
https://www.moneycontrol.com/india/stockpricequote/infrastructuregeneral/adhbhutinfrastructure/AI71,infrastructuregeneral,adhbhutinfrastructure,AI71,,"
"
https://www.moneycontrol.com/india/stockpricequote/steelspongeiron/adhunikmetaliks/AM9,steelspongeiron,adhunikmetaliks,AM9,,"
"
https://www.moneycontrol.com/india/stockpricequote/textilesweaving/adhuniksynthetics/AS,textilesweaving,adhuniksynthetics,AS,,
https://www.moneycontrol.com/india/stockpricequote/textilesprocessing/adhunikyarns/AY,textilesprocessing,adhunikyarns,AY,,
https://www.moneycontrol.com/india/stockpricequote/pharmaceuticals/adinathbiolabs/ABL02,pharmaceuticals,adinathbiolabs,ABL02,,"
"
https://www.moneycontrol.com/india/stockpricequote/financeinvestments/adinatheximresources/AER,financeinvestments,adinatheximresources,AER,,"
"
https://www.moneycontrol.com/india/stockpricequote/textilesspinningsyntheticblended/adinathtextiles/AT02,textilesspinningsyntheticblended,adinathtextiles,AT02,,"
"
https://www.moneycontrol.com/india/stockpricequote/ironsteel/adishaktilohaispat/ALI05,ironsteel,adishaktilohaispat,ALI05,,"
"
https://www.moneycontrol.com/india/stockpricequote/pharmaceuticals/adithyaalkaloids/AAL,pharmaceuticals,adithyaalkaloids,AAL,,
https://www.moneycontrol.com/india/stockpricequote/aquaculture/adithyaaquaculture/AAC03,aquaculture,adithyaaquaculture,AAC03,,
https://www.moneycontrol.com/india/stockpricequote/textilesreadymadeapparels/aditriindustries/AC02,textilesreadymadeapparels,aditriindustries,AC02,,"
"
https://www.moneycontrol.com/india/stockpricequote/chemicals/adityabirlachemicals/ABC08,chemicals,adityabirlachemicals,ABC08,,"
"
https://www.moneycontrol.com/india/stockpricequote/retail/adityabirlafashionretail/PFR,retail,adityabirlafashionretail,PFR,,"
"
https://www.moneycontrol.com/india/stockpricequote/retail/adityaconsumermarketing/ACM01,retail,adityaconsumermarketing,ACM01,,"
"
https://www.moneycontrol.com/india/stockpricequote/electricals/adityaelectrocommunications/AEC02,electricals,adityaelectrocommunications,AEC02,,
https://www.moneycontrol.com/india/stockpricequote/miscellaneous/adityaexports/AEL01,miscellaneous,adityaexports,AEL01,,
https://www.moneycontrol.com/india/stockpricequote/castingsforgings/adityaforge/AF,castingsforgings,adityaforge,AF,,"
"
https://www.moneycontrol.com/india/stockpricequote/trading/adityainternational/AI37,trading,adityainternational,AI37,,
https://www.moneycontrol.com/india/stockpricequote/steelmediumsmall/adityaispat/AI06,steelmediumsmall,adityaispat,AI06,,"
"
https://www.moneycontrol.com/india/stockpricequote/chemicals/adityalimeindustries/ALI01,chemicals,adityalimeindustries,ALI01,,
https://www.moneycontrol.com/india/stockpricequote/diversified/adityamills/AML01,diversified,adityamills,AML01,,
https://www.moneycontrol.com/india/stockpricequote/packaging/adityapolymers/APL02,packaging,adityapolymers,APL02,,
https://www.moneycontrol.com/india/stockpricequote/textilesspinningsyntheticblended/adityaspinners/AS01,textilesspinningsyntheticblended,adityaspinners,AS01,,"
"
https://www.moneycontrol.com/india/stockpricequote/miscellaneous/adityavision/AV,miscellaneous,adityavision,AV,,"
"
https://www.moneycontrol.com/india/stockpricequote/software/adjiatechnologies/AT24,software,adjiatechnologies,AT24,,"
"
https://www.moneycontrol.com/india/stockpricequote/adlinechemlab/adlinechemlab/KL,adlinechemlab,adlinechemlab,KL,,"
"
https://www.moneycontrol.com/india/stockpricequote/adncadpinc/akcbabc/MM05,adncadpinc,akcbabc,MM05,,
https://www.moneycontrol.com/india/stockpricequote/electrodesgraphite/adorfontech/AF22,electrodesgraphite,adorfontech,AF22,,"
"
https://www.moneycontrol.com/india/stockpricequote/personalcare/adormultiproducts/AM01,personalcare,adormultiproducts,AM01,,"
"
https://www.moneycontrol.com/india/stockpricequote/miscellaneous/adorpowertron/AP25,miscellaneous,adorpowertron,AP25,,
https://www.moneycontrol.com/india/stockpricequote/packaging/adortechnopak/AT11,packaging,adortechnopak,AT11,,
https://www.moneycontrol.com/india/stockpricequote/electrodesgraphite/adorwelding/AW01,electrodesgraphite,adorwelding,AW01,,"
"
https://www.moneycontrol.com/india/stockpricequote/hospitalsmedicalservices/adsdiagnostic/ADS,hospitalsmedicalservices,adsdiagnostic,ADS,,"
"
https://www.moneycontrol.com/india/stockpricequote/constructioninfrastructure/advaitinfratechlimited/AIL05,constructioninfrastructure,advaitinfratechlimited,AIL05,,"
"
https://www.moneycontrol.com/india/stockpricequote/miscellaneous/advancebiocoalindia/ABC04,miscellaneous,advancebiocoalindia,ABC04,,
https://www.moneycontrol.com/india/stockpricequote/textilesspinningcottonblended/advancelifestyles/AAM,textilesspinningcottonblended,advancelifestyles,AAM,,"
"
https://www.moneycontrol.com/india/stockpricequote/powergenerationdistribution/advancemeteringtechnology/AMT,powergenerationdistribution,advancemeteringtechnology,AMT,,"
"
https://www.moneycontrol.com/india/stockpricequote/rubber/advancemultitech/AM02,rubber,advancemultitech,AM02,,
https://www.moneycontrol.com/india/stockpricequote/detergents/advancepetrochemicals/AP02,detergents,advancepetrochemicals,AP02,,"
"
https://www.moneycontrol.com/india/stockpricequote/financeinvestments/advancepowerinfratech/MF05,financeinvestments,advancepowerinfratech,MF05,,"
"
https://www.moneycontrol.com/india/stockpricequote/miscellaneous/advancesyntex/AS08,miscellaneous,advancesyntex,AS08,,"
"
https://www.moneycontrol.com/india/stockpricequote/pharmaceuticals/advancedenzymetechnologies/AET,pharmaceuticals,advancedenzymetechnologies,AET,,"
"
https://www.moneycontrol.com/india/stockpricequote/hospitalsmedicalservices/advancedmicronicdevices/AMD,hospitalsmedicalservices,advancedmicronicdevices,AMD,,"
"
https://www.moneycontrol.com/india/stockpricequote/hotels/advanihotelsresortsindia/AHR,hotels,advanihotelsresortsindia,AHR,,"
"
https://www.moneycontrol.com/india/stockpricequote/miscellaneous/advanta/AI39,miscellaneous,advanta,AI39,,"
"
https://www.moneycontrol.com/india/stockpricequote/computerssoftwaremediumsmall/adventcomputerservices/ACS01,computerssoftwaremediumsmall,adventcomputerservices,ACS01,,"
"
https://www.moneycontrol.com/india/stockpricequote/financeinvestments/advikcapital/AIL04,financeinvestments,advikcapital,AIL04,,"
"
https://www.moneycontrol.com/india/stockpricequote/pharmaceuticals/adviklaboratories/AL07,pharmaceuticals,adviklaboratories,AL07,,
https://www.moneycontrol.com/india/stockpricequote/financeinvestment/advikcapitalre/ACR,financeinvestment,advikcapitalre,ACR,,"
"
https://www.moneycontrol.com/india/stockpricequote/miscellaneous/aecenterprises/AEC,miscellaneous,aecenterprises,AEC,,
https://www.moneycontrol.com/india/stockpricequote/constructioncontractingcivil/aecindia/AEC01,constructioncontractingcivil,aecindia,AEC01,,
https://www.moneycontrol.com/india/stockpricequote/transportlogistics/aegislogistics/AL9,transportlogistics,aegislogistics,AL9,,"
"
https://www.moneycontrol.com/india/stockpricequote/financeinvestments/aeonianinvestments/AI07,financeinvestments,aeonianinvestments,AI07,,
https://www.moneycontrol.com/india/stockpricequote/pharmaceuticals/aesculapiusremedies/AR05,pharmaceuticals,aesculapiusremedies,AR05,,
https://www.moneycontrol.com/india/stockpricequote/specialitychemicals/aetherindustries/AI84,specialitychemicals,aetherindustries,AI84,,"
"
https://www.moneycontrol.com/india/stockpricequote/affleindia/affleindia/AI82,affleindia,affleindia,AI82,,"
"
https://www.moneycontrol.com/india/stockpricequote/engineering/affordableroboticautomation/ARA,engineering,affordableroboticautomation,ARA,,"
"
https://www.moneycontrol.com/india/stockpricequote/miscellaneous/arvindfashionslimited/ARVIN54248,miscellaneous,arvindfashionslimited,ARVIN54248,,"
"
https://www.moneycontrol.com/india/stockpricequote/computerssoftwaremediumsmall/aftek/A14,computerssoftwaremediumsmall,aftek,A14,,"
"
https://www.moneycontrol.com/india/stockpricequote/financeleasinghirepurchase/agarwalfortuneindia/DLF01,financeleasinghirepurchase,agarwalfortuneindia,DLF01,,"
"
https://www.moneycontrol.com/india/stockpricequote/transportlogistics/agarwalindustrialcorporation/AIC03,transportlogistics,agarwalindustrialcorporation,AIC03,,"
"
https://www.moneycontrol.com/india/stockpricequote/agigreenpac/agigreenpac/HSI02,agigreenpac,agigreenpac,HSI02,,"
"
https://www.moneycontrol.com/india/stockpricequote/constructioncontractingcivil/agiinfra/AI43,constructioncontractingcivil,agiinfra,AI43,,"
"
https://www.moneycontrol.com/india/stockpricequote/paper/agiopaperindustries/API08,paper,agiopaperindustries,API08,,"
"
https://www.moneycontrol.com/india/stockpricequote/renewables/agnigreenpower/AGP,renewables,agnigreenpower,AGP,,"
"
https://www.moneycontrol.com/india/stockpricequote/aquaculture/agrimarineexports/AME01,aquaculture,agrimarineexports,AME01,,
https://www.moneycontrol.com/india/stockpricequote/fertilisers/agritechindia/ATI02,fertilisers,agritechindia,ATI02,,"
"
https://www.moneycontrol.com/india/stockpricequote/pesticidesagrochemicals/agrimaschemicals/ACL04,pesticidesagrochemicals,agrimaschemicals,ACL04,,
https://www.moneycontrol.com/india/stockpricequote/trading/agrimonycommodities/AC11,trading,agrimonycommodities,AC11,,"
"
https://www.moneycontrol.com/india/stockpricequote/miscellaneous/agritechhatcheriesfoods/AHF,miscellaneous,agritechhatcheriesfoods,AHF,,
https://www.moneycontrol.com/india/stockpricequote/fertilisers/agrochempunjab/ACP01,fertilisers,agrochempunjab,ACP01,,
https://www.moneycontrol.com/india/stockpricequote/foodprocessing/agrodutchindustries/ADI02,foodprocessing,agrodutchindustries,ADI02,,"
"
https://www.moneycontrol.com/india/stockpricequote/diversified/agrophosindia/API,diversified,agrophosindia,API,,"
"
https://www.moneycontrol.com/india/stockpricequote/edibleoilssolventextraction/agrotechfoods/ATF,edibleoilssolventextraction,agrotechfoods,ATF,,"
"
https://www.moneycontrol.com/india/stockpricequote/computerssoftware/agsinfotech/AGS02,computerssoftware,agsinfotech,AGS02,,
https://www.moneycontrol.com/india/stockpricequote/onlineservices/agstransacttechnologies/ATT,onlineservices,agstransacttechnologies,ATT,,"
"
https://www.moneycontrol.com/india/stockpricequote/miscellaneous/ahdvbch/SCAPD17,miscellaneous,ahdvbch,SCAPD17,,"
"
https://www.moneycontrol.com/india/stockpricequote/plastics/ahimsaindustries/AI44,plastics,ahimsaindustries,AI44,,"
"
https://www.moneycontrol.com/india/stockpricequote/ahladaengineer/ahladaengineers/AE21,ahladaengineer,ahladaengineers,AE21,,"
"
https://www.moneycontrol.com/india/stockpricequote/pharmaceuticals/ahlconparenteralindia/API01,pharmaceuticals,ahlconparenteralindia,API01,,"
"
https://www.moneycontrol.com/india/stockpricequote/constructioncontractingcivil/ahluwaliacontractsindia/ACI12,constructioncontractingcivil,ahluwaliacontractsindia,ACI12,,"
"
https://www.moneycontrol.com/india/stockpricequote/steelrolling/ahmedabadstellcr/AS02,steelrolling,ahmedabadstellcr,AS02,,"
"
https://www.moneycontrol.com/india/stockpricequote/electrodesgraphite/ahuraweldingelecmfg/AWE,electrodesgraphite,ahuraweldingelecmfg,AWE,,
https://www.moneycontrol.com/india/stockpricequote/miscellaneous/aichampdanyindustries/AIC02,miscellaneous,aichampdanyindustries,AIC02,,"
"
https://www.moneycontrol.com/india/stockpricequote/castingsforgings/aiaengineering/AIE01,castingsforgings,aiaengineering,AIE01,,"
"
https://www.moneycontrol.com/india/stockpricequote/miscellaneous/ambassadorintraholdings/AIHL54252,miscellaneous,ambassadorintraholdings,AIHL54252,,"
"
https://www.moneycontrol.com/india/stockpricequote/packaging/aikyamintellectualpropertyconsultancy/MPU,packaging,aikyamintellectualpropertyconsultancy,MPU,,"
"
https://www.moneycontrol.com/india/stockpricequote/pesticidesagrochemicals/aimcopesticides/AP03,pesticidesagrochemicals,aimcopesticides,AP03,,"
"
https://www.moneycontrol.com/india/stockpricequote/consumergoodswhitegoods/aircommandindia/ACI02,consumergoodswhitegoods,aircommandindia,ACI02,,
https://www.moneycontrol.com/india/stockpricequote/consumergoodswhitegoods/aircommandtechnologies/ACT,consumergoodswhitegoods,aircommandtechnologies,ACT,,
https://www.moneycontrol.com/india/stockpricequote/airan/airan/A09,airan,airan,A09,,"
"
https://www.moneycontrol.com/india/stockpricequote/miscellaneous/airolam/AL08,miscellaneous,airolam,AL08,,"
"
https://www.moneycontrol.com/india/stockpricequote/telecommunicationsequipment/aishwaryatechnologiestelecom/AT15,telecommunicationsequipment,aishwaryatechnologiestelecom,AT15,,"
"
https://www.moneycontrol.com/india/stockpricequote/aluminium/ajbrothers/AJB,aluminium,ajbrothers,AJB,,
https://www.moneycontrol.com/india/stockpricequote/pharmaceuticals/ajantapharma/AP22,pharmaceuticals,ajantapharma,AP22,,"
"
https://www.moneycontrol.com/india/stockpricequote/vanaspatioils/ajantasoya/AS03,vanaspatioils,ajantasoya,AS03,,"
"
https://www.moneycontrol.com/india/stockpricequote/steeltubespipes/ajantatubes/AT03,steeltubespipes,ajantatubes,AT03,,
https://www.moneycontrol.com/india/stockpricequote/ajbcjsbclvnsdj/ajbcjsbclvnsdjv/NGIL541418,ajbcjsbclvnsdj,ajbcjsbclvnsdjv,NGIL541418,,"
"
https://www.moneycontrol.com/india/stockpricequote/financeinvestments/ajconglobal/AG01,financeinvestments,ajconglobal,AG01,,"
"
https://www.moneycontrol.com/india/stockpricequote/computerssoftwaremediumsmall/ajel/AI64,computerssoftwaremediumsmall,ajel,AI64,,"
"
https://www.moneycontrol.com/india/stockpricequote/constructioncontractingrealestate/ajmerarealtyinfraindia/ARI03,constructioncontractingrealestate,ajmerarealtyinfraindia,ARI03,,"
"
https://www.moneycontrol.com/india/stockpricequote/diversified/ajoonibiotechltd/ABL01,diversified,ajoonibiotechltd,ABL01,,"
"
https://www.moneycontrol.com/india/stockpricequote/constructioncontractingcivil/ajrinfratolling/GIP01,constructioncontractingcivil,ajrinfratolling,GIP01,,"
"
https://www.moneycontrol.com/india/stockpricequote/miscellaneous/ajwafunworldresort/AFW,miscellaneous,ajwafunworldresort,AFW,,"
"
https://www.moneycontrol.com/india/stockpricequote/trading/akaiimpex/AI09,trading,akaiimpex,AI09,,
https://www.moneycontrol.com/india/stockpricequote/castingsforgings/akarautoindustries/AT04,castingsforgings,akarautoindustries,AT04,,"
"
https://www.moneycontrol.com/india/stockpricequote/packaging/akarlaminators/AL03,packaging,akarlaminators,AL03,,
https://www.moneycontrol.com/india/stockpricequote/financeinvestments/akashagencies/AA11,financeinvestments,akashagencies,AA11,,
https://www.moneycontrol.com/india/stockpricequote/edibleoilssolventextraction/akashagroindustries/AAI,edibleoilssolventextraction,akashagroindustries,AAI,,
https://www.moneycontrol.com/india/stockpricequote/constructioncontractinghousing/akashhousing/AH03,constructioncontractinghousing,akashhousing,AH03,,
https://www.moneycontrol.com/india/stockpricequote/miscellaneous/akashinfraprojects/AI76,miscellaneous,akashinfraprojects,AI76,,"
"
https://www.moneycontrol.com/india/stockpricequote/miscellaneous/akashdeepmetalindustries/AMI,miscellaneous,akashdeepmetalindustries,AMI,,"
"
https://www.moneycontrol.com/india/stockpricequote/textilesweaving/akcsynthetics/AKC,textilesweaving,akcsynthetics,AKC,,
https://www.moneycontrol.com/india/stockpricequote/electricals/akgacousticsindia/AKG,electricals,akgacousticsindia,AKG,,
https://www.moneycontrol.com/india/stockpricequote/akgexim/akgexim/AE20,akgexim,akgexim,AE20,,"
"
https://www.moneycontrol.com/india/stockpricequote/ceramicsgranite/akhilceramics/ACL01,ceramicsgranite,akhilceramics,ACL01,,
https://www.moneycontrol.com/india/stockpricequote/leatherproducts/akiindia/AI80,leatherproducts,akiindia,AI80,,"
"
https://www.moneycontrol.com/india/stockpricequote/textilesgeneral/akmlaceembrotex/ALE,textilesgeneral,akmlaceembrotex,ALE,,
https://www.moneycontrol.com/india/stockpricequote/miscellaneous/akmlaceembrotex/AKM,miscellaneous,akmlaceembrotex,AKM,,"
"
https://www.moneycontrol.com/india/stockpricequote/cablestelephone/akshoptifibre/AO03,cablestelephone,akshoptifibre,AO03,,"
"
https://www.moneycontrol.com/india/stockpricequote/textilesgeneral/aksharspintexltd/ASL,textilesgeneral,aksharspintexltd,ASL,,"
"
https://www.moneycontrol.com/india/stockpricequote/dyespigments/aksharchemindia/AI29,dyespigments,aksharchemindia,AI29,,"
"
https://www.moneycontrol.com/india/stockpricequote/computerssoftwaremediumsmall/akshaysoftware/AS21,computerssoftwaremediumsmall,akshaysoftware,AS21,,
https://www.moneycontrol.com/india/stockpricequote/paintsvarnishes/akzonobelindia/ICI,paintsvarnishes,akzonobelindia,ICI,,"
"
https://www.moneycontrol.com/india/stockpricequote/petrochemicals/akzonobelchemicalsindia/ANC,petrochemicals,akzonobelchemicalsindia,ANC,,
https://www.moneycontrol.com/india/stockpricequote/financeinvestments/alamanatfinanceandcapitalservices/AAF02,financeinvestments,alamanatfinanceandcapitalservices,AAF02,,
https://www.moneycontrol.com/india/stockpricequote/electricals/alacrityelectronics/AE02,electricals,alacrityelectronics,AE02,,
https://www.moneycontrol.com/india/stockpricequote/constructioncontractinghousing/alacrityhousing/AH01,constructioncontractinghousing,alacrityhousing,AH01,,
https://www.moneycontrol.com/india/stockpricequote/financegeneral/alacritysecurities/AS04,financegeneral,alacritysecurities,AS04,,"
"
https://www.moneycontrol.com/india/stockpricequote/alanscottind/alanscottindustries/ASI04,alanscottind,alanscottindustries,ASI04,,"
"
https://www.moneycontrol.com/india/stockpricequote/chemicals/alangindustriesgases/AIG,chemicals,alangindustriesgases,AIG,,"
"
https://www.moneycontrol.com/india/stockpricequote/shipping/alangmarine/AM03,shipping,alangmarine,AM03,,
https://www.moneycontrol.com/india/stockpricequote/miscellaneous/alankit/EGJ,miscellaneous,alankit,EGJ,,"
"
https://www.moneycontrol.com/india/stockpricequote/pharmaceuticals/albertdavid/AD01,pharmaceuticals,albertdavid,AD01,,"
"
https://www.moneycontrol.com/india/stockpricequote/pesticidesagrochemicals/alchemieorganics/AO01,pesticidesagrochemicals,alchemieorganics,AO01,,
https://www.moneycontrol.com/india/stockpricequote/miscellaneous/alchemist/A12,miscellaneous,alchemist,A12,,"
"
https://www.moneycontrol.com/india/stockpricequote/textilesspinningcottonblended/alchemistcorporation/AC23,textilesspinningcottonblended,alchemistcorporation,AC23,,"
"
https://www.moneycontrol.com/india/stockpricequote/constructioncontractingrealestate/alchemistrealty/AR08,constructioncontractingrealestate,alchemistrealty,AR08,,"
"
https://www.moneycontrol.com/india/stockpricequote/metalsnonferrous/alcoblexmetals/AM04,metalsnonferrous,alcoblexmetals,AM04,,
https://www.moneycontrol.com/india/stockpricequote/pharmaceuticals/alembic/A08,pharmaceuticals,alembic,A08,,"
"
https://www.moneycontrol.com/india/stockpricequote/glassglassproducts/alembicglassindustries/AGI,glassglassproducts,alembicglassindustries,AGI,,
https://www.moneycontrol.com/india/stockpricequote/pharmaceuticals/alembicpharmaceuticals/AP35,pharmaceuticals,alembicpharmaceuticals,AP35,,"
"
https://www.moneycontrol.com/india/stockpricequote/miscellaneous/alertpetrogas/AP04,miscellaneous,alertpetrogas,AP04,,
https://www.moneycontrol.com/india/stockpricequote/financeinvestments/alexanderstampsandcoin/JLF,financeinvestments,alexanderstampsandcoin,JLF,,"
"
https://www.moneycontrol.com/india/stockpricequote/aluminium/alexconextrusions/AE03,aluminium,alexconextrusions,AE03,,
https://www.moneycontrol.com/india/stockpricequote/castingsforgings/alexconfoamcast/AF04,castingsforgings,alexconfoamcast,AF04,,
https://www.moneycontrol.com/india/stockpricequote/chemicals/alfaexportstechnologies/AET01,chemicals,alfaexportstechnologies,AET01,,
https://www.moneycontrol.com/india/stockpricequote/miscellaneous/alfaicaindia/AIC,miscellaneous,alfaicaindia,AIC,,"
"
https://www.moneycontrol.com/india/stockpricequote/engineeringheavy/alfalavalindia/ALI02,engineeringheavy,alfalavalindia,ALI02,,
https://www.moneycontrol.com/india/stockpricequote/electricequipment/alfatransformer/AT06,electricequipment,alfatransformer,AT06,,"
"
https://www.moneycontrol.com/india/stockpricequote/financeleasinghirepurchase/alfavisionsecuritiesfinance/ASF,financeleasinghirepurchase,alfavisionsecuritiesfinance,ASF,,"
"
https://www.moneycontrol.com/india/stockpricequote/engineering/alfredherbertindia/AHI,engineering,alfredherbertindia,AHI,,"
"
https://www.moneycontrol.com/india/stockpricequote/algoquantfinte/algoquantfintech/HET01,algoquantfinte,algoquantfintech,HET01,,"
"
https://www.moneycontrol.com/india/stockpricequote/castingsforgings/aliconcastalloy/EC06,castingsforgings,aliconcastalloy,EC06,,"
"
https://www.moneycontrol.com/india/stockpricequote/diamondcuttingjewellerypreciousmetals/alkadiamondindustries/ADI01,diamondcuttingjewellerypreciousmetals,alkadiamondindustries,ADI01,,"
"
https://www.moneycontrol.com/india/stockpricequote/textilesspinningcottonblended/alkaindia/AI52,textilesspinningcottonblended,alkaindia,AI52,,"
"
https://www.moneycontrol.com/india/stockpricequote/financegeneral/alkasecurities/AS17,financegeneral,alkasecurities,AS17,,"
"
https://www.moneycontrol.com/india/stockpricequote/chemicals/alkalimetals/AM11,chemicals,alkalimetals,AM11,,"
"
https://www.moneycontrol.com/india/stockpricequote/pharmaceuticals/alkemlaboratories/AL05,pharmaceuticals,alkemlaboratories,AL05,,"
"
https://www.moneycontrol.com/india/stockpricequote/miscellaneous/alkosign/A20,miscellaneous,alkosign,A20,,"
"
https://www.moneycontrol.com/india/stockpricequote/chemicals/alkylamineschemicals/AAC,chemicals,alkylamineschemicals,AAC,,"
"
https://www.moneycontrol.com/india/stockpricequote/steelcrhrstrips/allmetalprocessindustries/AMP,steelcrhrstrips,allmetalprocessindustries,AMP,,
https://www.moneycontrol.com/india/stockpricequote/bankspublicsector/allahabadbank/AB15,bankspublicsector,allahabadbank,AB15,,"
"
https://www.moneycontrol.com/india/stockpricequote/transportlogistics/allcargologistics/AGL02,transportlogistics,allcargologistics,AGL02,,"
"
https://www.moneycontrol.com/india/stockpricequote/financeleasinghirepurchase/alliancecapitalfinancialservices/ACF01,financeleasinghirepurchase,alliancecapitalfinancialservices,ACF01,,
https://www.moneycontrol.com/india/stockpricequote/financeinvestments/alliancecreditinvestments/ACI03,financeinvestments,alliancecreditinvestments,ACI03,,
https://www.moneycontrol.com/india/stockpricequote/financeinvestments/alliancefundsmanagement/AFM,financeinvestments,alliancefundsmanagement,AFM,,
https://www.moneycontrol.com/india/stockpricequote/steelspongeiron/allianceintegratedmetaliks/AIM,steelspongeiron,allianceintegratedmetaliks,AIM,,"
"
https://www.moneycontrol.com/india/stockpricequote/computerssoftwaremediumsmall/alliedcomputersinternationalasia/ACI13,computerssoftwaremediumsmall,alliedcomputersinternationalasia,ACI13,,"
"
https://www.moneycontrol.com/india/stockpricequote/computerssoftwaremediumsmall/allieddigitalservices/ADS01,computerssoftwaremediumsmall,allieddigitalservices,ADS01,,"
"
https://www.moneycontrol.com/india/stockpricequote/chemicals/alliedresinschemicals/ARC,chemicals,alliedresinschemicals,ARC,,
https://www.moneycontrol.com/india/stockpricequote/computerssoftwaremediumsmall/allsectechnologies/ALL01,computerssoftwaremediumsmall,allsectechnologies,ALL01,,"
"
https://www.moneycontrol.com/india/stockpricequote/computerssoftwaremediumsmall/allsoftcorporation/AC17,computerssoftwaremediumsmall,allsoftcorporation,AC17,,
https://www.moneycontrol.com/india/stockpricequote/financeinvestments/almondzglobalsecurities/AGS,financeinvestments,almondzglobalsecurities,AGS,,"
"
https://www.moneycontrol.com/india/stockpricequote/miscellaneous/alnatradingexports/ATE03,miscellaneous,alnatradingexports,ATE03,,
https://www.moneycontrol.com/india/stockpricequote/textilesweaving/alokindustries/AI54,textilesweaving,alokindustries,AI54,,"
"
https://www.moneycontrol.com/india/stockpricequote/trading/aloratradingcompanylimited/ATC03,trading,aloratradingcompanylimited,ATC03,,"
"
https://www.moneycontrol.com/india/stockpricequote/leatherproducts/alpexports/AE04,leatherproducts,alpexports,AE04,,
https://www.moneycontrol.com/india/stockpricequote/pharmaceuticals/alpalaboratories/AL11,pharmaceuticals,alpalaboratories,AL11,,"
"
https://www.moneycontrol.com/india/stockpricequote/pharmaceuticals/alphadrugsindia/ADI,pharmaceuticals,alphadrugsindia,ADI,,
https://www.moneycontrol.com/india/stockpricequote/miscellaneous/alphagraphicindia/AGI03,miscellaneous,alphagraphicindia,AGI03,,"
"
https://www.moneycontrol.com/india/stockpricequote/miscellaneous/alphahitechfuel/AHT,miscellaneous,alphahitechfuel,AHT,,"
"
https://www.moneycontrol.com/india/stockpricequote/oildrillingandexploration/alphageoindia/AI10,oildrillingandexploration,alphageoindia,AI10,,"
"
https://www.moneycontrol.com/india/stockpricequote/alphalogictech/alphalogictechsys/AT23,alphalogictech,alphalogictechsys,AT23,,"
"
https://www.moneycontrol.com/india/stockpricequote/financeinvestments/alpicfinance/AF05,financeinvestments,alpicfinance,AF05,,
https://www.moneycontrol.com/india/stockpricequote/financeinvestments/alpinecapitalservices/ACS,financeinvestments,alpinecapitalservices,ACS,,
https://www.moneycontrol.com/india/stockpricequote/constructioncontractinghousing/alpinehousingdevcorp/AHD,constructioncontractinghousing,alpinehousingdevcorp,AHD,,"
"
https://www.moneycontrol.com/india/stockpricequote/edibleoilssolventextraction/alpineindustries/AI11,edibleoilssolventextraction,alpineindustries,AI11,,
https://www.moneycontrol.com/india/stockpricequote/textilesgeneral/alpsindustries/AI12,textilesgeneral,alpsindustries,AI12,,"
"
https://www.moneycontrol.com/india/stockpricequote/computerssoftwaremediumsmall/alpsinfosys/AI42,computerssoftwaremediumsmall,alpsinfosys,AI42,,
https://www.moneycontrol.com/india/stockpricequote/pharmaceuticals/alpslaboratories/AL04,pharmaceuticals,alpslaboratories,AL04,,
https://www.moneycontrol.com/india/stockpricequote/financegeneral/alpsmotorfinance/AMF03,financegeneral,alpsmotorfinance,AMF03,,"
"
https://www.moneycontrol.com/india/stockpricequote/constructioncontractingcivil/alsaconstructionshousing/ACH,constructioncontractingcivil,alsaconstructionshousing,ACH,,
https://www.moneycontrol.com/india/stockpricequote/aquaculture/alsamarineharvests/AMH,aquaculture,alsamarineharvests,AMH,,
https://www.moneycontrol.com/india/stockpricequote/miscellaneous/alstonetextiles/SH14,miscellaneous,alstonetextiles,SH14,,"
"
https://www.moneycontrol.com/india/stockpricequote/computershardware/altosindia/AI13,computershardware,altosindia,AI13,,
https://www.moneycontrol.com/india/stockpricequote/chemicals/alufluoride/A01,chemicals,alufluoride,A01,,"
"
https://www.moneycontrol.com/india/stockpricequote/infrastructuregeneral/alumilitearchitecturals/AA15,infrastructuregeneral,alumilitearchitecturals,AA15,,
https://www.moneycontrol.com/india/stockpricequote/infrastructuregeneral/alumilitearchitecturals/AA16,infrastructuregeneral,alumilitearchitecturals,AA16,,
https://www.moneycontrol.com/india/stockpricequote/aluminium/aluminiumindustries/AIL,aluminium,aluminiumindustries,AIL,,
https://www.moneycontrol.com/india/stockpricequote/foodprocessing/amajinagroexports/AAE,foodprocessing,amajinagroexports,AAE,,
https://www.moneycontrol.com/india/stockpricequote/dyespigments/amal/AP05,dyespigments,amal,AP05,,"
"
https://www.moneycontrol.com/india/stockpricequote/financeleasinghirepurchase/amalgamatedelectricity/AE05,financeleasinghirepurchase,amalgamatedelectricity,AE05,,"
"
https://www.moneycontrol.com/india/stockpricequote/financeleasinghirepurchase/amanadityafinancialservices/AAF,financeleasinghirepurchase,amanadityafinancialservices,AAF,,
https://www.moneycontrol.com/india/stockpricequote/trading/amanitradingexports/ATE01,trading,amanitradingexports,ATE01,,"
"
https://www.moneycontrol.com/india/stockpricequote/breweriesdistilleries/amaralcoholi/AA07,breweriesdistilleries,amaralcoholi,AA07,,
https://www.moneycontrol.com/india/stockpricequote/chemicals/amardyechem/ADC,chemicals,amardyechem,ADC,,
https://www.moneycontrol.com/india/stockpricequote/personalcare/amarremedies/AR07,personalcare,amarremedies,AR07,,
https://www.moneycontrol.com/india/stockpricequote/miscellaneous/amarvanijya/AVL,miscellaneous,amarvanijya,AVL,,
https://www.moneycontrol.com/india/stockpricequote/autoancillaries/amararajabatteries/ARB,autoancillaries,amararajabatteries,ARB,,"
"
https://www.moneycontrol.com/india/stockpricequote/textilesspinningcottonblended/amarjothispinningmills/ASM01,textilesspinningcottonblended,amarjothispinningmills,ASM01,,"
"
https://www.moneycontrol.com/india/stockpricequote/financegeneral/amarnathsecurities/AS25,financegeneral,amarnathsecurities,AS25,,"
"
https://www.moneycontrol.com/india/stockpricequote/cementmajor/ambujacementeastern/ACE,cementmajor,ambujacementeastern,ACE,,
https://www.moneycontrol.com/india/stockpricequote/electricequipment/ambaenterprises/AE18,electricequipment,ambaenterprises,AE18,,"
"
https://www.moneycontrol.com/india/stockpricequote/pharmaceuticals/ambalalsarabhaienterprise/ASE,pharmaceuticals,ambalalsarabhaienterprise,ASE,,"
"
https://www.moneycontrol.com/india/stockpricequote/ambaniorganics/ambaniorganics/AO,ambaniorganics,ambaniorganics,AO,,"
"
https://www.moneycontrol.com/india/stockpricequote/hotels/ambehotelresorts/AHR02,hotels,ambehotelresorts,AHR02,,
https://www.moneycontrol.com/india/stockpricequote/miscellaneous/amberenterprisesindialimited/AEI01,miscellaneous,amberenterprisesindialimited,AEI01,,"
"
https://www.moneycontrol.com/india/stockpricequote/ambicaagar/ambicaagar/AA9,ambicaagar,ambicaagar,AA9,,"
"
https://www.moneycontrol.com/india/stockpricequote/edibleoilssolventextraction/ambikproteins/APL01,edibleoilssolventextraction,ambikproteins,APL01,,
https://www.moneycontrol.com/india/stockpricequote/textilesspinningcottonblended/ambikacottonmills/ACM04,textilesspinningcottonblended,ambikacottonmills,ACM04,,"
"
https://www.moneycontrol.com/india/stockpricequote/textilesprocessing/ambikasilkmillsco/ASM05,textilesprocessing,ambikasilkmillsco,ASM05,,
https://www.moneycontrol.com/india/stockpricequote/miscellaneous/ambitionmica/AM,miscellaneous,ambitionmica,AM,,"
"
https://www.moneycontrol.com/india/stockpricequote/plastics/ambitiousplastomac/AP06,plastics,ambitiousplastomac,AP06,,"
"
https://www.moneycontrol.com/india/stockpricequote/miscellaneous/amboagritec/AA17,miscellaneous,amboagritec,AA17,,"
"
https://www.moneycontrol.com/india/stockpricequote/edibleoilssolventextraction/ambujaagroindustries/AAI01,edibleoilssolventextraction,ambujaagroindustries,AAI01,,
https://www.moneycontrol.com/india/stockpricequote/cementmajor/ambujacementrajasthan/ACR01,cementmajor,ambujacementrajasthan,ACR01,,
https://www.moneycontrol.com/india/stockpricequote/cementmajor/ambujacements/AC18,cementmajor,ambujacements,AC18,,"
"
https://www.moneycontrol.com/india/stockpricequote/steelmediumsmall/ambujaelectrocastings/AE06,steelmediumsmall,ambujaelectrocastings,AE06,,
https://www.moneycontrol.com/india/stockpricequote/foodprocessing/ambujaflourmills/AFM01,foodprocessing,ambujaflourmills,AFM01,,
https://www.moneycontrol.com/india/stockpricequote/computerssoftwaremediumsmall/ambujashippingsoftware/ASS,computerssoftwaremediumsmall,ambujashippingsoftware,ASS,,
https://www.moneycontrol.com/india/stockpricequote/miningminerals/ambujazinc/AZ,miningminerals,ambujazinc,AZ,,
https://www.moneycontrol.com/india/stockpricequote/plastics/amcoindia/AI61,plastics,amcoindia,AI61,,"
"
https://www.moneycontrol.com/india/stockpricequote/packaging/amdindustries/AMD02,packaging,amdindustries,AMD02,,"
"
https://www.moneycontrol.com/india/stockpricequote/electricequipment/ameipower/AME,electricequipment,ameipower,AME,,
https://www.moneycontrol.com/india/stockpricequote/paintsvarnishes/americanpaintsindia/API04,paintsvarnishes,americanpaintsindia,API04,,
https://www.moneycontrol.com/india/stockpricequote/pharmaceuticals/americanremedies/AR03,pharmaceuticals,americanremedies,AR03,,
https://www.moneycontrol.com/india/stockpricequote/amerisebio/amerisebiosciences/AI53,amerisebio,amerisebiosciences,AI53,,"
"
https://www.moneycontrol.com/india/stockpricequote/textilesspinningcottonblended/amethitextiles/ATL02,textilesspinningcottonblended,amethitextiles,ATL02,,
https://www.moneycontrol.com/india/stockpricequote/chemicals/amexcarbonateschemicals/ACC01,chemicals,amexcarbonateschemicals,ACC01,,
https://www.moneycontrol.com/india/stockpricequote/engineering/ameyaprecisionengineers/APE01,engineering,ameyaprecisionengineers,APE01,,"
"
https://www.moneycontrol.com/india/stockpricequote/castingsforgings/amforgeindustries/AI14,castingsforgings,amforgeindustries,AI14,,"
"
https://www.moneycontrol.com/india/stockpricequote/computerssoftwaremediumsmall/amicomputersindia/ACI04,computerssoftwaremediumsmall,amicomputersindia,ACI04,,
https://www.moneycontrol.com/india/stockpricequote/specialitychemicals/amiorganics/AO05,specialitychemicals,amiorganics,AO05,,"
"
https://www.moneycontrol.com/india/stockpricequote/logistics/amiablelogisticsindia/ALI06,logistics,amiablelogisticsindia,ALI06,,"
"
https://www.moneycontrol.com/india/stockpricequote/miscellaneous/amigoexports/AE07,miscellaneous,amigoexports,AE07,,
https://www.moneycontrol.com/india/stockpricequote/leatherproducts/amintannery/AMINT54177,leatherproducts,amintannery,AMINT54177,,"
"
https://www.moneycontrol.com/india/stockpricequote/chemicals/aminesplasticizers/AP07,chemicals,aminesplasticizers,AP07,,"
"
https://www.moneycontrol.com/india/stockpricequote/chemicals/aminexchemicals/AC03,chemicals,aminexchemicals,AC03,,
https://www.moneycontrol.com/india/stockpricequote/aquaculture/amisonfoods/AF06,aquaculture,amisonfoods,AF06,,
https://www.moneycontrol.com/india/stockpricequote/textileshosieryknitwear/amitinternational/AI15,textileshosieryknitwear,amitinternational,AI15,,"
"
https://www.moneycontrol.com/india/stockpricequote/financegeneral/amitsecurities/AS13,financegeneral,amitsecurities,AS13,,"
"
https://www.moneycontrol.com/india/stockpricequote/textilesspinningcottonblended/amitspinningindustries/ASI03,textilesspinningcottonblended,amitspinningindustries,ASI03,,"
"
https://www.moneycontrol.com/india/stockpricequote/paper/amjland/PPP,paper,amjland,PPP,,"
"
https://www.moneycontrol.com/india/stockpricequote/miningminerals/amlsteel/AML03,miningminerals,amlsteel,AML03,,
https://www.moneycontrol.com/india/stockpricequote/chemicals/ammanabiopharma/ABP,chemicals,ammanabiopharma,ABP,,
https://www.moneycontrol.com/india/stockpricequote/foodprocessing/amproproducts/AP08,foodprocessing,amproproducts,AP08,,
https://www.moneycontrol.com/india/stockpricequote/financegeneral/amrapalicapitalfinanceservices/ACF05,financegeneral,amrapalicapitalfinanceservices,ACF05,,"
"
https://www.moneycontrol.com/india/stockpricequote/trading/amrapalidevelopersindia/ADI04,trading,amrapalidevelopersindia,ADI04,,
https://www.moneycontrol.com/india/stockpricequote/financegeneral/amrapalifincap/AF08,financegeneral,amrapalifincap,AF08,,"
"
https://www.moneycontrol.com/india/stockpricequote/trading/amrapaliindustries/AI16,trading,amrapaliindustries,AI16,,"
"
https://www.moneycontrol.com/india/stockpricequote/amraworld/amraworldagrico/AA13,amraworld,amraworldagrico,AA13,,"
"
https://www.moneycontrol.com/india/stockpricequote/vanaspatioils/amritbanaspaticompany/ABC06,vanaspatioils,amritbanaspaticompany,ABC06,,
https://www.moneycontrol.com/india/stockpricequote/vanaspatioils/amritcorporation/AC20,vanaspatioils,amritcorporation,AC20,,"
"
https://www.moneycontrol.com/india/stockpricequote/financeinvestments/amrutcreditcorporation/ACC02,financeinvestments,amrutcreditcorporation,ACC02,,
https://www.moneycontrol.com/india/stockpricequote/foodprocessing/amrutindustries/AI17,foodprocessing,amrutindustries,AI17,,
https://www.moneycontrol.com/india/stockpricequote/pharmaceuticals/amrutanjanhealthcare/AHC01,pharmaceuticals,amrutanjanhealthcare,AHC01,,"
"
https://www.moneycontrol.com/india/stockpricequote/autoancillaries/amspolymerslimited/SMA02,autoancillaries,amspolymerslimited,SMA02,,"
"
https://www.moneycontrol.com/india/stockpricequote/hospitalsmedicalservices/artemismedicareservices/ARTEM54291,hospitalsmedicalservices,artemismedicareservices,ARTEM54291,,"
"
https://www.moneycontrol.com/india/stockpricequote/textilesreadymadeapparels/amsonsapparels/AA09,textilesreadymadeapparels,amsonsapparels,AA09,,"
"
https://www.moneycontrol.com/india/stockpricequote/autoancillaries/amtekauto/AA01,autoancillaries,amtekauto,AA01,,"
"
https://www.moneycontrol.com/india/stockpricequote/autoancillaries/amzelautomotive/AA03,autoancillaries,amzelautomotive,AA03,,
https://www.moneycontrol.com/india/stockpricequote/financeinvestments/anagramfinance/AF07,financeinvestments,anagramfinance,AF07,,
https://www.moneycontrol.com/india/stockpricequote/chemicals/anandrugchem/ADC01,chemicals,anandrugchem,ADC01,,
https://www.moneycontrol.com/india/stockpricequote/textilesspinningcottonblended/anandcotspin/AC04,textilesspinningcottonblended,anandcotspin,AC04,,
https://www.moneycontrol.com/india/stockpricequote/financeinvestments/anandcredit/AC14,financeinvestments,anandcredit,AC14,,
https://www.moneycontrol.com/india/stockpricequote/powergenerationdistribution/anandprojects/AES,powergenerationdistribution,anandprojects,AES,,"
"
https://www.moneycontrol.com/india/stockpricequote/financeinvestment/anandrathiwealth/ARW,financeinvestment,anandrathiwealth,ARW,,"
"
https://www.moneycontrol.com/india/stockpricequote/textilesprocessing/anandrayons/AR09,textilesprocessing,anandrayons,AR09,,"
"
https://www.moneycontrol.com/india/stockpricequote/anantraj/anantraj/ARI,anantraj,anantraj,ARI,,"
"
https://www.moneycontrol.com/india/stockpricequote/telecommunicationsequipment/ancocommunications/AC05,telecommunicationsequipment,ancocommunications,AC05,,
https://www.moneycontrol.com/india/stockpricequote/ancsocoon/ancsocoon/KAR01,ancsocoon,ancsocoon,KAR01,,
https://www.moneycontrol.com/india/stockpricequote/bankspublicsector/andhrabank/AB14,bankspublicsector,andhrabank,AB14,,"
"
https://www.moneycontrol.com/india/stockpricequote/cementmajor/andhracement/AC16,cementmajor,andhracement,AC16,,"
"
https://www.moneycontrol.com/india/stockpricequote/paper/andhrapaperlimited/APP,paper,andhrapaperlimited,APP,,"
"
https://www.moneycontrol.com/india/stockpricequote/chemicals/andhrapetro/AP09,chemicals,andhrapetro,AP09,,"
"
https://www.moneycontrol.com/india/stockpricequote/auto23wheelers/andhrapradeshscooters/APS01,auto23wheelers,andhrapradeshscooters,APS01,,
https://www.moneycontrol.com/india/stockpricequote/autoancillaries/andhrasinter/ASL07,autoancillaries,andhrasinter,ASL07,,
https://www.moneycontrol.com/india/stockpricequote/sugar/andhrasugars/AS18,sugar,andhrasugars,AS18,,"
"
https://www.moneycontrol.com/india/stockpricequote/powergenerationdistribution/andhravalleypowersupplyco/AVP,powergenerationdistribution,andhravalleypowersupplyco,AVP,,
https://www.moneycontrol.com/india/stockpricequote/andjdvbcsdjncn/andjdvbcsdjncn/JCI01,andjdvbcsdjncn,andjdvbcsdjncn,JCI01,,"
"
https://www.moneycontrol.com/india/stockpricequote/trading/andrewyulecompany/AYC,trading,andrewyulecompany,AYC,,"
"
https://www.moneycontrol.com/india/stockpricequote/financeleasinghirepurchase/anerifincap/FI02,financeleasinghirepurchase,anerifincap,FI02,,"
"
https://www.moneycontrol.com/india/stockpricequote/autoancillaries/angindustries/ANG,autoancillaries,angindustries,ANG,,"
"
https://www.moneycontrol.com/india/stockpricequote/pharmaceuticals/anglifesciencesindia/ALI,pharmaceuticals,anglifesciencesindia,ALI,,"
"
https://www.moneycontrol.com/india/stockpricequote/textilescottonblended/angelfibers/AF10,textilescottonblended,angelfibers,AF10,,"
"
https://www.moneycontrol.com/india/stockpricequote/angelone/angelone/ABL03,angelone,angelone,ABL03,,"
"
https://www.moneycontrol.com/india/stockpricequote/engineering/aniintegratedservices/AIS02,engineering,aniintegratedservices,AIS02,,"
"
https://www.moneycontrol.com/india/stockpricequote/edibleoilssolventextraction/anikindustries/AI57,edibleoilssolventextraction,anikindustries,AI57,,"
"
https://www.moneycontrol.com/india/stockpricequote/shipping/anikshipbreakingindustries/ASB,shipping,anikshipbreakingindustries,ASB,,
https://www.moneycontrol.com/india/stockpricequote/miscellaneous/anikshipbreakingindustries/ASB01,miscellaneous,anikshipbreakingindustries,ASB01,,
https://www.moneycontrol.com/india/stockpricequote/steelmediumsmall/aniksteels/AS05,steelmediumsmall,aniksteels,AS05,,
https://www.moneycontrol.com/india/stockpricequote/miscellaneous/anil/AP33,miscellaneous,anil,AP33,,"
"
https://www.moneycontrol.com/india/stockpricequote/steelcrhrstrips/anilspecialsteelindustries/AI26,steelcrhrstrips,anilspecialsteelindustries,AI26,,"
"
https://www.moneycontrol.com/india/stockpricequote/cementmini/anjaniportlandcement/APC,cementmini,anjaniportlandcement,APC,,"
"
https://www.moneycontrol.com/india/stockpricequote/financeleasinghirepurchase/anjanifinance/AF28,financeleasinghirepurchase,anjanifinance,AF28,,"
"
https://www.moneycontrol.com/india/stockpricequote/anjanifoods/anjanifoods/RFI,anjanifoods,anjanifoods,RFI,,"
"
https://www.moneycontrol.com/india/stockpricequote/edibleoilssolventextraction/anjanisolventsindia/ASI02,edibleoilssolventextraction,anjanisolventsindia,ASI02,,
https://www.moneycontrol.com/india/stockpricequote/textilesprocessing/anjanisynthetics/AS06,textilesprocessing,anjanisynthetics,AS06,,"
"
https://www.moneycontrol.com/india/stockpricequote/plastics/ankaindia/AI41,plastics,ankaindia,AI41,,"
"
https://www.moneycontrol.com/india/stockpricequote/steelspongeiron/ankitmetalpower/AMa,steelspongeiron,ankitmetalpower,AMa,,"
"
https://www.moneycontrol.com/india/stockpricequote/textilesspinningsyntheticblended/ankityarns/AY01,textilesspinningsyntheticblended,ankityarns,AY01,,
https://www.moneycontrol.com/india/stockpricequote/chemicals/ankujzincoxide/AZO,chemicals,ankujzincoxide,AZO,,
https://www.moneycontrol.com/india/stockpricequote/pharmaceuticals/ankurdrugspharma/ADP01,pharmaceuticals,ankurdrugspharma,ADP01,,
https://www.moneycontrol.com/india/stockpricequote/financeleasinghirepurchase/ankushfinstock/AF23,financeleasinghirepurchase,ankushfinstock,AF23,,"
"
https://www.moneycontrol.com/india/stockpricequote/foodprocessing/anmoldairy/AD02,foodprocessing,anmoldairy,AD02,,
https://www.moneycontrol.com/india/stockpricequote/pharmaceuticals/anmoldrugspharmaceuticals/ADP02,pharmaceuticals,anmoldrugspharmaceuticals,ADP02,,
https://www.moneycontrol.com/india/stockpricequote/miscellaneous/anmolindia/AI81,miscellaneous,anmolindia,AI81,,"
"
https://www.moneycontrol.com/india/stockpricequote/constructioncontractingrealestate/annafinance/AFL,constructioncontractingrealestate,annafinance,AFL,,"
"
https://www.moneycontrol.com/india/stockpricequote/aluminium/annapurnafoils/AF11,aluminium,annapurnafoils,AF11,,
https://www.moneycontrol.com/india/stockpricequote/consumerfood/annapurnaswadisht/AS28,consumerfood,annapurnaswadisht,AS28,,"
"
https://www.moneycontrol.com/india/stockpricequote/ansindustries/ansindustries/ANS,ansindustries,ansindustries,ANS,,"
"
https://www.moneycontrol.com/india/stockpricequote/constructioncontractinghousing/ansalbuildwell/AB11,constructioncontractinghousing,ansalbuildwell,AB11,,"
"
https://www.moneycontrol.com/india/stockpricequote/constructioncontractinghousing/ansalhousing/AHC,constructioncontractinghousing,ansalhousing,AHC,,"
"
https://www.moneycontrol.com/india/stockpricequote/constructioncontractinghousing/ansalpropertiesinfrastructure/API07,constructioncontractinghousing,ansalpropertiesinfrastructure,API07,,"
"
https://www.moneycontrol.com/india/stockpricequote/diamondcuttingjewellerypreciousmetals/anshunicommercial/AC06,diamondcuttingjewellerypreciousmetals,anshunicommercial,AC06,,"
"
https://www.moneycontrol.com/india/stockpricequote/printingstationery/antarctica/A16,printingstationery,antarctica,A16,,"
"
https://www.moneycontrol.com/india/stockpricequote/miscellaneous/antonywastehandlingcell/AWH,miscellaneous,antonywastehandlingcell,AWH,,"
"
https://www.moneycontrol.com/india/stockpricequote/constructioncontractingcivil/anubhavinfrastructure/AI30,constructioncontractingcivil,anubhavinfrastructure,AI30,,"
"
https://www.moneycontrol.com/india/stockpricequote/miscellaneous/anugrahawoodproducts/AWP,miscellaneous,anugrahawoodproducts,AWP,,
https://www.moneycontrol.com/india/stockpricequote/pharmaceuticals/anuhpharma/AP10,pharmaceuticals,anuhpharma,AP10,,"
"
https://www.moneycontrol.com/india/stockpricequote/trading/anukarancommercialenterprises/ACE01,trading,anukarancommercialenterprises,ACE01,,"
"
https://www.moneycontrol.com/india/stockpricequote/castingsforgings/anupmalleables/AML02,castingsforgings,anupmalleables,AML02,,"
"
https://www.moneycontrol.com/india/stockpricequote/financeinvestments/anupamfinserv/VCS,financeinvestments,anupamfinserv,VCS,,"
"
https://www.moneycontrol.com/india/stockpricequote/specialitychemicals/anupamrasayanindia/ARI02,specialitychemicals,anupamrasayanindia,ARI02,,"
"
https://www.moneycontrol.com/india/stockpricequote/steelmediumsmall/anupamasteel/ASL06,steelmediumsmall,anupamasteel,ASL06,,
https://www.moneycontrol.com/india/stockpricequote/miscellaneous/anurooppackagingre/APR02,miscellaneous,anurooppackagingre,APR02,,"
"
https://www.moneycontrol.com/india/stockpricequote/pharmaceuticals/anuslaboratories/AL12,pharmaceuticals,anuslaboratories,AL12,,"
"
https://www.moneycontrol.com/india/stockpricequote/leatherproducts/anushainternational/AIL03,leatherproducts,anushainternational,AIL03,,
https://www.moneycontrol.com/india/stockpricequote/anxjljldadj/anxjljldadj/BTM03,anxjljldadj,anxjljldadj,BTM03,,
https://www.moneycontrol.com/india/stockpricequote/leatherproducts/aptanneries/APT,leatherproducts,aptanneries,APT,,
https://www.moneycontrol.com/india/stockpricequote/electricequipment/aparindustries/AI40,electricequipment,aparindustries,AI40,,"
"
https://www.moneycontrol.com/india/stockpricequote/rubber/apcotexindustries/AI58,rubber,apcotexindustries,AI58,,"
"
https://www.moneycontrol.com/india/stockpricequote/plantationsteacoffee/apeejaytea/AT16,plantationsteacoffee,apeejaytea,AT16,,
https://www.moneycontrol.com/india/stockpricequote/financetermlendinginstitutions/apexcapitalandfinance/AHFL541133,financetermlendinginstitutions,apexcapitalandfinance,AHFL541133,,"
"
https://www.moneycontrol.com/india/stockpricequote/foodprocessing/apexfrozenfoods/AFF,foodprocessing,apexfrozenfoods,AFF,,"
"
https://www.moneycontrol.com/india/stockpricequote/foodprocessing/apisindia/AI65,foodprocessing,apisindia,AI65,,"
"
https://www.moneycontrol.com/india/stockpricequote/miscellaneous/anurooppackaginglimited/ANURO54286,miscellaneous,anurooppackaginglimited,ANURO54286,,"
"
https://www.moneycontrol.com/india/stockpricequote/steeltubespipes/aplapollotubes/BT09,steeltubespipes,aplapollotubes,BT09,,"
"
https://www.moneycontrol.com/india/stockpricequote/telecommunicationsequipment/aplab/A02,telecommunicationsequipment,aplab,A02,,"
"
https://www.moneycontrol.com/india/stockpricequote/telecommunicationequipment/aplabre/AR10,telecommunicationequipment,aplabre,AR10,,"
"
https://www.moneycontrol.com/india/stockpricequote/trading/aplayacreations/TL02,trading,aplayacreations,TL02,,"
"
https://www.moneycontrol.com/india/stockpricequote/textilesspinningsyntheticblended/apmindustries/APM,textilesspinningsyntheticblended,apmindustries,APM,,"
"
https://www.moneycontrol.com/india/stockpricequote/financeinvestments/apollofinvestindia/AFI,financeinvestments,apollofinvestindia,AFI,,"
"
https://www.moneycontrol.com/india/stockpricequote/hospitalsmedicalservices/apollohospitalsenterprises/AHE,hospitalsmedicalservices,apollohospitalsenterprises,AHE,,"
"
https://www.moneycontrol.com/india/stockpricequote/apollomicrosy/apollomicrosystems/AMS,apollomicrosy,apollomicrosystems,AMS,,"
"
https://www.moneycontrol.com/india/stockpricequote/plastics/apollopipes/ALF02,plastics,apollopipes,ALF02,,"
"
https://www.moneycontrol.com/india/stockpricequote/apollosindoori/apollosindoorihotels/ASH,apollosindoori,apollosindoorihotels,ASH,,"
"
https://www.moneycontrol.com/india/stockpricequote/steelmediumsmall/apollotubessteelindustries/ATS,steelmediumsmall,apollotubessteelindustries,ATS,,
https://www.moneycontrol.com/india/stockpricequote/trading/apollotricoattubes/PIF03,trading,apollotricoattubes,PIF03,,"
"
https://www.moneycontrol.com/india/stockpricequote/steelmediumsmall/apollotubes/AT13,steelmediumsmall,apollotubes,AT13,,
https://www.moneycontrol.com/india/stockpricequote/tyres/apollotyres/AT14,tyres,apollotyres,AT14,,"
"
https://www.moneycontrol.com/india/stockpricequote/miscellaneous/apoorvaleasingfinanceinvestmentcompany/ALF04,miscellaneous,apoorvaleasingfinanceinvestmentcompany,ALF04,,"
"
https://www.moneycontrol.com/india/stockpricequote/miscellaneous/appleamusementindustries/AAI02,miscellaneous,appleamusementindustries,AAI02,,
https://www.moneycontrol.com/india/stockpricequote/financeleasinghirepurchase/applecreditcorporation/ACC03,financeleasinghirepurchase,applecreditcorporation,ACC03,,
https://www.moneycontrol.com/india/stockpricequote/financeinvestments/applemutualfund/AMF,financeinvestments,applemutualfund,AMF,,
https://www.moneycontrol.com/india/stockpricequote/miscellaneous/appollostones/ASL03,miscellaneous,appollostones,ASL03,,
https://www.moneycontrol.com/india/stockpricequote/textilesmanmade/apr/APR,textilesmanmade,apr,APR,,
https://www.moneycontrol.com/india/stockpricequote/textilesmachinery/apsstarindustries/APS,textilesmachinery,apsstarindustries,APS,,
https://www.moneycontrol.com/india/stockpricequote/chemicals/aptpackagings/AP34,chemicals,aptpackagings,AP34,,"
"
https://www.moneycontrol.com/india/stockpricequote/computerssoftwaretraining/aptech/A11,computerssoftwaretraining,aptech,A11,,"
"
https://www.moneycontrol.com/india/stockpricequote/computerssoftware/aptusindustries/AI66,computerssoftware,aptusindustries,AI66,,"
"
https://www.moneycontrol.com/india/stockpricequote/financehousing/aptusvaluehousingfinanceindia/AVH,financehousing,aptusvaluehousingfinanceindia,AVH,,"
"
https://www.moneycontrol.com/india/stockpricequote/transportlogistics/aqualogistics/AL14,transportlogistics,aqualogistics,AL14,,
https://www.moneycontrol.com/india/stockpricequote/financeinvestments/aqualandindia/AIL02,financeinvestments,aqualandindia,AIL02,,
https://www.moneycontrol.com/india/stockpricequote/aquaculture/aquamarinefoodproducts/AFP,aquaculture,aquamarinefoodproducts,AFP,,
https://www.moneycontrol.com/india/stockpricequote/hotels/arambhanhospitality/CBC,hotels,arambhanhospitality,CBC,,"
"
https://www.moneycontrol.com/india/stockpricequote/hotels/aramuskinfrastructureinvestments/AII,hotels,aramuskinfrastructureinvestments,AII,,
https://www.moneycontrol.com/india/stockpricequote/plastics/aravaliindia/AI20,plastics,aravaliindia,AI20,,
https://www.moneycontrol.com/india/stockpricequote/financeinvestments/aravalisecuritiesfinance/ASF01,financeinvestments,aravalisecuritiesfinance,ASF01,,"
"
https://www.moneycontrol.com/india/stockpricequote/financegeneral/arcfinance/ARC01,financegeneral,arcfinance,ARC01,,"
"
https://www.moneycontrol.com/india/stockpricequote/plastics/arceeindustries/AI21,plastics,arceeindustries,AI21,,"
"
https://www.moneycontrol.com/india/stockpricequote/pharmaceuticals/archpharmalabs/AP30,pharmaceuticals,archpharmalabs,AP30,,
https://www.moneycontrol.com/india/stockpricequote/computerssoftwaremediumsmall/archanasoftware/AS20,computerssoftwaremediumsmall,archanasoftware,AS20,,"
"
https://www.moneycontrol.com/india/stockpricequote/chemicals/archeanchemicalindustries/ACI05,chemicals,archeanchemicalindustries,ACI05,,"
"
https://www.moneycontrol.com/india/stockpricequote/archidplydecor/archidplydecor/ADL,archidplydecor,archidplydecor,ADL,,"
"
https://www.moneycontrol.com/india/stockpricequote/miscellaneous/archidplyindustries/AI,miscellaneous,archidplyindustries,AI,,"
"
https://www.moneycontrol.com/india/stockpricequote/printingstationery/archies/A15,printingstationery,archies,A15,,"
"
https://www.moneycontrol.com/india/stockpricequote/chemicals/architorganosys/SCL07,chemicals,architorganosys,SCL07,,"
"
https://www.moneycontrol.com/india/stockpricequote/financeinvestments/arcoleasing/ALL,financeinvestments,arcoleasing,ALL,,
https://www.moneycontrol.com/india/stockpricequote/metalsnonferrous/arcotech/A17,metalsnonferrous,arcotech,A17,,"
"
https://www.moneycontrol.com/india/stockpricequote/plantationsteacoffee/arcuttiporeteacompany/ATC,plantationsteacoffee,arcuttiporeteacompany,ATC,,"
"
https://www.moneycontrol.com/india/stockpricequote/financeinvestments/ardiinvestmentstradingcompany/AIT02,financeinvestments,ardiinvestmentstradingcompany,AIT02,,
https://www.moneycontrol.com/india/stockpricequote/textilesprocessing/arexindustries/AI22,textilesprocessing,arexindustries,AI22,,"
"
https://www.moneycontrol.com/india/stockpricequote/metalsnonferrous/arfinindia/AI70,metalsnonferrous,arfinindia,AI70,,"
"
https://www.moneycontrol.com/india/stockpricequote/financeinvestments/arhamfiscal/AF24,financeinvestments,arhamfiscal,AF24,,
https://www.moneycontrol.com/india/stockpricequote/arhamtech/arhamtechnologies/AT25,arhamtech,arhamtechnologies,AT25,,
https://www.moneycontrol.com/india/stockpricequote/miscellaneous/arhantsuede/AS16,miscellaneous,arhantsuede,AS16,,
https://www.moneycontrol.com/india/stockpricequote/textilesprocessing/arhatindustries/AI35,textilesprocessing,arhatindustries,AI35,,
https://www.moneycontrol.com/india/stockpricequote/fertilisers/ariesagro/AA02,fertilisers,ariesagro,AA02,,"
"
https://www.moneycontrol.com/india/stockpricequote/arihantavenues/arihantavenuescredit/AAC02,arihantavenues,arihantavenuescredit,AAC02,,"
"
https://www.moneycontrol.com/india/stockpricequote/financeinvestments/arihantcapitalmarkets/ACM02,financeinvestments,arihantcapitalmarkets,ACM02,,"
"
https://www.moneycontrol.com/india/stockpricequote/financeleasinghirepurchase/arihantclassicfinance/ACF04,financeleasinghirepurchase,arihantclassicfinance,ACF04,,
https://www.moneycontrol.com/india/stockpricequote/trading/arihantcorporation/ACL05,trading,arihantcorporation,ACL05,,
https://www.moneycontrol.com/india/stockpricequote/textilesspinningsyntheticblended/arihantcotsyn/AC07,textilesspinningsyntheticblended,arihantcotsyn,AC07,,
https://www.moneycontrol.com/india/stockpricequote/steelspongeiron/arihantenterprises/AE08,steelspongeiron,arihantenterprises,AE08,,
https://www.moneycontrol.com/india/stockpricequote/constructioncontractinghousing/arihantfoundationshousing/AFH,constructioncontractinghousing,arihantfoundationshousing,AFH,,"
"
https://www.moneycontrol.com/india/stockpricequote/textilesprocessing/arihantindustries/AI23,textilesprocessing,arihantindustries,AI23,,
https://www.moneycontrol.com/india/stockpricequote/miscellaneous/arihantinstitute/AI78,miscellaneous,arihantinstitute,AI78,,"
"
https://www.moneycontrol.com/india/stockpricequote/steelmediumsmall/arihantsteelalloys/ASA02,steelmediumsmall,arihantsteelalloys,ASA02,,
https://www.moneycontrol.com/india/stockpricequote/constructioncontractingrealestate/arihantsuperstructures/SMC07,constructioncontractingrealestate,arihantsuperstructures,SMC07,,"
"
https://www.moneycontrol.com/india/stockpricequote/plastics/arihantthermoware/AT07,plastics,arihantthermoware,AT07,,
https://www.moneycontrol.com/india/stockpricequote/textilesspinningcottonblended/arihantthreads/AT08,textilesspinningcottonblended,arihantthreads,AT08,,
https://www.moneycontrol.com/india/stockpricequote/edibleoilssolventextraction/arihanttournesol/AT09,edibleoilssolventextraction,arihanttournesol,AT09,,"
"
https://www.moneycontrol.com/india/stockpricequote/financeinvestments/arihantssecurities/AS07,financeinvestments,arihantssecurities,AS07,,"
"
https://www.moneycontrol.com/india/stockpricequote/miscellaneous/arisinternational/AI69,miscellaneous,arisinternational,AI69,,"
"
https://www.moneycontrol.com/india/stockpricequote/dyespigments/arlabs/A04,dyespigments,arlabs,A04,,
https://www.moneycontrol.com/india/stockpricequote/breweriesdistilleries/arlembreweries/AB12,breweriesdistilleries,arlembreweries,AB12,,
https://www.moneycontrol.com/india/stockpricequote/packaging/armpolymers/ARM,packaging,armpolymers,ARM,,
https://www.moneycontrol.com/india/stockpricequote/computershardware/armaanelectric/AE09,computershardware,armaanelectric,AE09,,
https://www.moneycontrol.com/india/stockpricequote/financeleasinghirepurchase/armanfinancialservices/AFS04,financeleasinghirepurchase,armanfinancialservices,AFS04,,"
"
https://www.moneycontrol.com/india/stockpricequote/financeinvestments/armanholdings/AH9,financeinvestments,armanholdings,AH9,,"
"
https://www.moneycontrol.com/india/stockpricequote/textileshosieryknitwear/arnavcorporation/PFI01,textileshosieryknitwear,arnavcorporation,PFI01,,"
"
https://www.moneycontrol.com/india/stockpricequote/miscellaneous/arnoldholdings/AH08,miscellaneous,arnoldholdings,AH08,,"
"
https://www.moneycontrol.com/india/stockpricequote/ceramicsgranite/arograniteindustries/AGI01,ceramicsgranite,arograniteindustries,AGI01,,"
"
https://www.moneycontrol.com/india/stockpricequote/detergents/arochemsilvassa/AS14,detergents,arochemsilvassa,AS14,,
https://www.moneycontrol.com/india/stockpricequote/financegeneral/aronicommercials/ACI06,financegeneral,aronicommercials,ACI06,,"
"
https://www.moneycontrol.com/india/stockpricequote/textilesmanmade/arorafibres/AF13,textilesmanmade,arorafibres,AF13,,"
"
https://www.moneycontrol.com/india/stockpricequote/financeinvestments/arpanleasingcompany/ALC01,financeinvestments,arpanleasingcompany,ALC01,,
https://www.moneycontrol.com/india/stockpricequote/computerssoftwaremediumsmall/arraycomindia/AI46,computerssoftwaremediumsmall,arraycomindia,AI46,,
https://www.moneycontrol.com/india/stockpricequote/plastics/arrowgreentech/ACP,plastics,arrowgreentech,ACP,,"
"
https://www.moneycontrol.com/india/stockpricequote/textilesweaving/arrowtextiles/AT20,textilesweaving,arrowtextiles,AT20,,"
"
https://www.moneycontrol.com/india/stockpricequote/transportlogistics/arshiya/AI60,transportlogistics,arshiya,AI60,,"
"
https://www.moneycontrol.com/india/stockpricequote/constructioncontractingcivil/arssinfrastructureprojects/AIP,constructioncontractingcivil,arssinfrastructureprojects,AIP,,"
"
https://www.moneycontrol.com/india/stockpricequote/constructioncontractingcivil/artnirman/AN,constructioncontractingcivil,artnirman,AN,,"
"
https://www.moneycontrol.com/india/stockpricequote/electricequipment/artechpowerproducts/APP02,electricequipment,artechpowerproducts,APP02,,"
"
https://www.moneycontrol.com/india/stockpricequote/textilescottonblended/artedzfabs/AF26,textilescottonblended,artedzfabs,AF26,,
https://www.moneycontrol.com/india/stockpricequote/engineering/artefactprojects/AP32,engineering,artefactprojects,AP32,,"
"
https://www.moneycontrol.com/india/stockpricequote/consumergoodselectronic/artemiselectricalsprojects/AE22,consumergoodselectronic,artemiselectricalsprojects,AE22,,"
"
https://www.moneycontrol.com/india/stockpricequote/miscellaneous/artemisgloballifescience/AGL03,miscellaneous,artemisgloballifescience,AGL03,,"
"
https://www.moneycontrol.com/india/stockpricequote/edibleoilssolventextraction/artiagroindustries/AAI06,edibleoilssolventextraction,artiagroindustries,AAI06,,
https://www.moneycontrol.com/india/stockpricequote/chemicals/artillegencebioinnovations/ABI,chemicals,artillegencebioinnovations,ABI,,
https://www.moneycontrol.com/india/stockpricequote/engineering/artsonengineering/AE10,engineering,artsonengineering,AE10,,"
"
https://www.moneycontrol.com/india/stockpricequote/packaging/arunmantex/AM05,packaging,arunmantex,AM05,,
https://www.moneycontrol.com/india/stockpricequote/steeltubespipes/arunpipes/AP13,steeltubespipes,arunpipes,AP13,,
https://www.moneycontrol.com/india/stockpricequote/textileshosieryknitwear/arunprocessors/AP14,textileshosieryknitwear,arunprocessors,AP14,,
https://www.moneycontrol.com/india/stockpricequote/hotels/arunahotels/AH06,hotels,arunahotels,AH06,,"
"
https://www.moneycontrol.com/india/stockpricequote/miscellaneous/arunahotelsre/AHR01,miscellaneous,arunahotelsre,AHR01,,"
"
https://www.moneycontrol.com/india/stockpricequote/financeinvestments/arunisabode/MBP,financeinvestments,arunisabode,MBP,,"
"
https://www.moneycontrol.com/india/stockpricequote/foodprocessing/arunjyotibioventures/CP02,foodprocessing,arunjyotibioventures,CP02,,"
"
https://www.moneycontrol.com/india/stockpricequote/retail/arunjyotienterprises/AE15,retail,arunjyotienterprises,AE15,,"
"
https://www.moneycontrol.com/india/stockpricequote/textilesspinningcottonblended/arunodaymills/AM06,textilesspinningcottonblended,arunodaymills,AM06,,
https://www.moneycontrol.com/india/stockpricequote/miscellaneous/arveelaboratoriesltd/AL18,miscellaneous,arveelaboratoriesltd,AL18,,"
"
https://www.moneycontrol.com/india/stockpricequote/chemicals/arvinliquidgases/ALG,chemicals,arvinliquidgases,ALG,,
https://www.moneycontrol.com/india/stockpricequote/textilesdenim/arvind/A18,textilesdenim,arvind,A18,,"
"
https://www.moneycontrol.com/india/stockpricequote/arvindfasre/arvindfashionsre/AFR,arvindfasre,arvindfashionsre,AFR,,"
"
https://www.moneycontrol.com/india/stockpricequote/miscellaneous/arvindfashionspp/AFP03,miscellaneous,arvindfashionspp,AFP03,,"
"
https://www.moneycontrol.com/india/stockpricequote/plastics/arvindinternational/AI24,plastics,arvindinternational,AI24,,"
"
https://www.moneycontrol.com/india/stockpricequote/textilescompositemills/arvindpolycot/AP15,textilescompositemills,arvindpolycot,AP15,,
https://www.moneycontrol.com/india/stockpricequote/trading/arvindproducts/AP27,trading,arvindproducts,AP27,,
https://www.moneycontrol.com/india/stockpricequote/breweriesdistilleries/arvindrashayanaudyog/ARU,breweriesdistilleries,arvindrashayanaudyog,ARU,,
https://www.moneycontrol.com/india/stockpricequote/pharmaceuticals/arvindremedies/AR06,pharmaceuticals,arvindremedies,AR06,,"
"
https://www.moneycontrol.com/india/stockpricequote/infrastructuregeneral/arvindsmartspaces/AI72,infrastructuregeneral,arvindsmartspaces,AI72,,"
"
https://www.moneycontrol.com/india/stockpricequote/financeinvestments/aryamancapitalmarkets/ACM,financeinvestments,aryamancapitalmarkets,ACM,,"
"
https://www.moneycontrol.com/india/stockpricequote/financeleasinghirepurchase/aryamanfinancialservices/AFS02,financeleasinghirepurchase,aryamanfinancialservices,AFS02,,"
"
https://www.moneycontrol.com/india/stockpricequote/textilescompositemills/aryanfinefab/AF14,textilescompositemills,aryanfinefab,AF14,,
https://www.moneycontrol.com/india/stockpricequote/dyespigments/aryanpesticides/AP20,dyespigments,aryanpesticides,AP20,,
https://www.moneycontrol.com/india/stockpricequote/steelmediumsmall/aryavanenterprise/DAS02,steelmediumsmall,aryavanenterprise,DAS02,,"
"
https://www.moneycontrol.com/india/stockpricequote/miscellaneous/aryansharestockbrokerslt/ARYAN54217,miscellaneous,aryansharestockbrokerslt,ARYAN54217,,"
"
https://www.moneycontrol.com/india/stockpricequote/textilesspinningcottonblended/asahifibres/AF15,textilesspinningcottonblended,asahifibres,AF15,,"
"
https://www.moneycontrol.com/india/stockpricequote/glassglassproducts/asahiindiaglass/AIG01,glassglassproducts,asahiindiaglass,AIG01,,"
"
https://www.moneycontrol.com/india/stockpricequote/constructioncontractinghousing/asahiinfrastructureandprojects/AIA,constructioncontractinghousing,asahiinfrastructureandprojects,AIA,,"
"
https://www.moneycontrol.com/india/stockpricequote/dyespigments/asahisongwoncolors/ASC01,dyespigments,asahisongwoncolors,ASC01,,"
"
https://www.moneycontrol.com/india/stockpricequote/ascaps/ascapssdpocdpcsdpsd/RGI02,ascaps,ascapssdpocdpcsdpsd,RGI02,,"
"
https://www.moneycontrol.com/india/stockpricequote/diversified/dbadifgauidfgiuabckb/RIP03,diversified,dbadifgauidfgiuabckb,RIP03,,
https://www.moneycontrol.com/india/stockpricequote/educationalinstitutions/ascensiveeducare/AE23,educationalinstitutions,ascensiveeducare,AE23,,"
"
https://www.moneycontrol.com/india/stockpricequote/trading/ascenteximindia/ACF02,trading,ascenteximindia,ACF02,,
https://www.moneycontrol.com/india/stockpricequote/miscellaneous/ascom/ASCOM15030,miscellaneous,ascom,ASCOM15030,,"
"
https://www.moneycontrol.com/india/stockpricequote/ascomleasing/ascomleasinginvestments/ALI04,ascomleasing,ascomleasinginvestments,ALI04,,
https://www.moneycontrol.com/india/stockpricequote/trading/aseemglobal/AG02,trading,aseemglobal,AG02,,"
"
https://www.moneycontrol.com/india/stockpricequote/edibleoilssolventextraction/ashaagroindustries/AAI03,edibleoilssolventextraction,ashaagroindustries,AAI03,,
https://www.moneycontrol.com/india/stockpricequote/textilesreadymadeapparels/ashapuraintimatesfashion/AIF01,textilesreadymadeapparels,ashapuraintimatesfashion,AIF01,,"
"
https://www.moneycontrol.com/india/stockpricequote/miningminerals/ashapuraminechem/AM07,miningminerals,ashapuraminechem,AM07,,"
"
https://www.moneycontrol.com/india/stockpricequote/diamondjewellery/ashapurigoldornament/AGO,diamondjewellery,ashapurigoldornament,AGO,,"
"
https://www.moneycontrol.com/india/stockpricequote/miscellaneous/ashariagencies/AA10,miscellaneous,ashariagencies,AA10,,"
"
https://www.moneycontrol.com/india/stockpricequote/financeleasinghirepurchase/asharipropertiesfinances/APF01,financeleasinghirepurchase,asharipropertiesfinances,APF01,,
https://www.moneycontrol.com/india/stockpricequote/telecommunicationsequipment/ashconiulabindustries/ANI,telecommunicationsequipment,ashconiulabindustries,ANI,,
https://www.moneycontrol.com/india/stockpricequote/edibleoilssolventextraction/ashianaagroindustries/AAI04,edibleoilssolventextraction,ashianaagroindustries,AAI04,,"
"
